Date,ETH_Price,ETH_Volume
2015-08-07,$2.77,56374.0
2015-08-08,$0.7533,382082.0
2015-08-09,$0.7019,729741.0
2015-08-10,$0.7084,581293.0
2015-08-11,$1.07,1638721.0
2015-08-12,$1.22,1931575.0
2015-08-13,$1.83,2629195.0
2015-08-14,$1.83,2424591.0
2015-08-15,$1.69,1472254.0
2015-08-16,$1.57,2351517.0
2015-08-17,$1.20,1400238.0
2015-08-18,$1.09,1256389.0
2015-08-19,$1.26,1208325.0
2015-08-20,$1.46,2071956.0
2015-08-21,$1.40,1396180.0
2015-08-22,$1.38,676157.0
2015-08-23,$1.35,1168603.0
2015-08-24,$1.23,715605.0
2015-08-25,$1.14,1103105.0
2015-08-26,$1.16,929011.0
2015-08-27,$1.15,590677.0
2015-08-28,$1.19,618306.0
2015-08-29,$1.18,317444.0
2015-08-30,$1.32,1061627.0
2015-08-31,$1.36,1096348.0
2015-09-01,$1.35,573747.0
2015-09-02,$1.29,673348.0
2015-09-03,$1.26,553536.0
2015-09-04,$1.27,374273.0
2015-09-05,$1.34,342985.0
2015-09-06,$1.30,371297.0
2015-09-07,$1.25,383540.0
2015-09-08,$1.24,342314.0
2015-09-09,$1.21,298776.0
2015-09-10,$1.17,559310.0
2015-09-11,$0.9830,1826759.0
2015-09-12,$1.04,752304.0
2015-09-13,$0.9360,657479.0
2015-09-14,$0.8756,814976.0
2015-09-15,$0.9444,751327.0
2015-09-16,$0.9072,664879.0
2015-09-17,$0.8742,1019971.0
2015-09-18,$0.8537,561837.0
2015-09-19,$0.8824,445113.0
2015-09-20,$0.9384,558498.0
2015-09-21,$0.9190,458896.0
2015-09-22,$0.9018,541270.0
2015-09-23,$0.8934,223381.0
2015-09-24,$0.8136,987570.0
2015-09-25,$0.7362,1167761.0
2015-09-26,$0.7860,489487.0
2015-09-27,$0.7208,547616.0
2015-09-28,$0.5829,2040505.0
2015-09-29,$0.6611,1477316.0
2015-09-30,$0.7386,891204.0
2015-10-01,$0.6902,847091.0
2015-10-02,$0.6786,323952.0
2015-10-03,$0.6872,237510.0
2015-10-04,$0.6684,152844.0
2015-10-05,$0.6286,361194.0
2015-10-06,$0.6506,414797.0
2015-10-07,$0.6094,346740.0
2015-10-08,$0.6217,505252.0
2015-10-09,$0.6506,587683.0
2015-10-10,$0.6279,222707.0
2015-10-11,$0.6350,162091.0
2015-10-12,$0.6260,172251.0
2015-10-13,$0.6077,491745.0
2015-10-14,$0.5230,1741784.0
2015-10-15,$0.5619,683093.0
2015-10-16,$0.5365,456321.0
2015-10-17,$0.5472,578087.0
2015-10-18,$0.5177,250974.0
2015-10-19,$0.4890,485258.0
2015-10-20,$0.4348,826524.0
2015-10-21,$0.4473,1366578.0
2015-10-22,$0.5677,1801765.0
2015-10-23,$0.5397,1581999.0
2015-10-24,$0.5636,469876.0
2015-10-25,$0.6160,1046407.0
2015-10-26,$0.7313,1610127.0
2015-10-27,$0.8696,2318400.0
2015-10-28,$1,2538839.0
2015-10-29,$1.21,2082746.0
2015-10-30,$1.04,2127071.0
2015-10-31,$0.9166,686454.0
2015-11-01,$1.06,594872.0
2015-11-02,$0.9898,1116333.0
2015-11-03,$1.01,1902371.0
2015-11-04,$0.8991,3331241.0
2015-11-05,$0.8956,1293692.0
2015-11-06,$0.9260,994851.0
2015-11-07,$0.9280,973139.0
2015-11-08,$1.03,1049988.0
2015-11-09,$1.00,2002957.0
2015-11-10,$0.9343,875300.0
2015-11-11,$0.7918,1500602.0
2015-11-12,$0.8957,956977.0
2015-11-13,$0.9041,608278.0
2015-11-14,$0.8888,416531.0
2015-11-15,$0.9064,458365.0
2015-11-16,$0.9290,676442.0
2015-11-17,$1.01,1183690.0
2015-11-18,$0.99,691994.0
2015-11-19,$0.9555,455866.0
2015-11-20,$0.9249,657928.0
2015-11-21,$0.9761,479397.0
2015-11-22,$0.9680,382609.0
2015-11-23,$0.9470,463013.0
2015-11-24,$0.9002,568138.0
2015-11-25,$0.8635,710374.0
2015-11-26,$0.8842,1096784.0
2015-11-27,$0.8680,460081.0
2015-11-28,$0.9157,517410.0
2015-11-29,$0.8786,502722.0
2015-11-30,$0.8731,897574.0
2015-12-01,$0.8748,747449.0
2015-12-02,$0.8212,597180.0
2015-12-03,$0.8121,663875.0
2015-12-04,$0.8400,291216.0
2015-12-05,$0.8624,273743.0
2015-12-06,$0.8355,519224.0
2015-12-07,$0.8113,633481.0
2015-12-08,$0.8221,551499.0
2015-12-09,$0.7922,777467.0
2015-12-10,$0.8404,450050.0
2015-12-11,$0.9298,910488.0
2015-12-12,$0.9770,1416394.0
2015-12-13,$0.9529,284182.0
2015-12-14,$0.99,576432.0
2015-12-15,$1.01,576768.0
2015-12-16,$0.99,320278.0
2015-12-17,$0.9407,666914.0
2015-12-18,$0.9201,324646.0
2015-12-19,$0.9081,377057.0
2015-12-20,$0.9039,516767.0
2015-12-21,$0.9008,607525.0
2015-12-22,$0.8642,514619.0
2015-12-23,$0.8581,387402.0
2015-12-24,$0.8633,410813.0
2015-12-25,$0.8704,215265.0
2015-12-26,$0.8546,491494.0
2015-12-27,$0.8564,192913.0
2015-12-28,$0.8450,276085.0
2015-12-29,$0.8731,252096.0
2015-12-30,$0.9120,672325.0
2015-12-31,$0.9335,711804.0
2016-01-01,$0.9480,218749.0
2016-01-02,$0.9371,269610.0
2016-01-03,$0.9719,425058.0
2016-01-04,$0.9545,361350.0
2016-01-05,$0.9502,230164.0
2016-01-06,$0.9509,325278.0
2016-01-07,$0.9420,680061.0
2016-01-08,$0.9868,565230.0
2016-01-09,$0.9868,229827.0
2016-01-10,$1.00,394848.0
2016-01-11,$1.06,980440.0
2016-01-12,$1.14,2553974.0
2016-01-13,$1.13,894142.0
2016-01-14,$1.19,653879.0
2016-01-15,$1.21,3225196.0
2016-01-16,$1.22,2002138.0
2016-01-17,$1.33,920354.0
2016-01-18,$1.43,3045502.0
2016-01-19,$1.37,1760245.0
2016-01-20,$1.53,2002198.0
2016-01-21,$1.55,1048675.0
2016-01-22,$1.50,1027698.0
2016-01-23,$1.97,4211989.0
2016-01-24,$2.14,4694063.0
2016-01-25,$2.50,4584546.0
2016-01-26,$2.28,5783900.0
2016-01-27,$2.39,2955873.0
2016-01-28,$2.53,1969418.0
2016-01-29,$2.49,2681022.0
2016-01-30,$2.45,1494516.0
2016-01-31,$2.31,2469905.0
2016-02-01,$2.21,1781093.0
2016-02-02,$2.44,1489221.0
2016-02-03,$2.53,1621037.0
2016-02-04,$2.58,1395804.0
2016-02-05,$2.54,1035015.0
2016-02-06,$2.53,761641.0
2016-02-07,$2.96,2525067.0
2016-02-08,$3.18,3162826.0
2016-02-09,$4.04,4980305.0
2016-02-10,$4.44,6707354.0
2016-02-11,$6.01,4996821.0
2016-02-12,$5.55,4036423.0
2016-02-13,$5.39,4615303.0
2016-02-14,$5.24,2184144.0
2016-02-15,$5.29,2588797.0
2016-02-16,$4.32,3318872.0
2016-02-17,$3.76,3787010.0
2016-02-18,$4.40,4169682.0
2016-02-19,$4.74,1686759.0
2016-02-20,$4.34,1928735.0
2016-02-21,$4.65,1429203.0
2016-02-22,$5.62,2927798.0
2016-02-23,$5.59,2367200.0
2016-02-24,$6.24,1937516.0
2016-02-25,$6.10,3507031.0
2016-02-26,$5.92,1589797.0
2016-02-27,$6.43,1433689.0
2016-02-28,$6.47,1530949.0
2016-02-29,$6.34,1201574.0
2016-03-01,$7.65,3277488.0
2016-03-02,$8.47,3616412.0
2016-03-03,$9.29,4459613.0
2016-03-04,$10.41,3686570.0
2016-03-05,$11,5176758.0
2016-03-06,$11.38,3522810.0
2016-03-07,$9.55,3250844.0
2016-03-08,$9.85,2657397.0
2016-03-09,$11.90,2537710.0
2016-03-10,$11.31,2313787.0
2016-03-11,$11.08,1896834.0
2016-03-12,$13.53,3973807.0
2016-03-13,$14.48,3096975.0
2016-03-14,$12.45,4361165.0
2016-03-15,$13.01,2216504.0
2016-03-16,$12.52,1880278.0
2016-03-17,$11.08,3565976.0
2016-03-18,$11,5162095.0
2016-03-19,$10.53,2503929.0
2016-03-20,$10.32,1709136.0
2016-03-21,$11.86,2578173.0
2016-03-22,$11.27,1702355.0
2016-03-23,$12.42,1632493.0
2016-03-24,$11.23,2221145.0
2016-03-25,$10.74,1255763.0
2016-03-26,$10.97,866512.0
2016-03-27,$10.42,1573390.0
2016-03-28,$11.67,2090449.0
2016-03-29,$11.66,1515680.0
2016-03-30,$11.95,1639585.0
2016-03-31,$11.40,1283318.0
2016-04-01,$11.66,982345.0
2016-04-02,$11.60,749794.0
2016-04-03,$11.62,480357.0
2016-04-04,$11.16,845361.0
2016-04-05,$10.44,1912752.0
2016-04-06,$10.69,1603878.0
2016-04-07,$10.07,1296846.0
2016-04-08,$9.72,1471578.0
2016-04-09,$9.15,1704716.0
2016-04-10,$8.94,4902318.0
2016-04-11,$8.64,1753617.0
2016-04-12,$7.44,2910587.0
2016-04-13,$8.04,4017051.0
2016-04-14,$8.39,1634971.0
2016-04-15,$8.24,1460750.0
2016-04-16,$8.61,1176847.0
2016-04-17,$9.31,2721149.0
2016-04-18,$9.04,2318208.0
2016-04-19,$8.71,1445277.0
2016-04-20,$8.47,1823289.0
2016-04-21,$8.10,1607632.0
2016-04-22,$7.82,1668355.0
2016-04-23,$8.29,1799839.0
2016-04-24,$8,1318631.0
2016-04-25,$7.55,2361916.0
2016-04-26,$7.40,2392322.0
2016-04-27,$7.76,2530158.0
2016-04-28,$7.17,1543981.0
2016-04-29,$7.46,1185266.0
2016-04-30,$8.81,4422406.0
2016-05-01,$8.85,1906336.0
2016-05-02,$10.16,4292957.0
2016-05-03,$9.31,2205384.0
2016-05-04,$9.41,1850606.0
2016-05-05,$9.83,1897454.0
2016-05-06,$9.35,2255371.0
2016-05-07,$9.37,1156394.0
2016-05-08,$9.48,1608454.0
2016-05-09,$9.30,1390943.0
2016-05-10,$9.36,997516.0
2016-05-11,$10,1572753.0
2016-05-12,$10.06,2388098.0
2016-05-13,$10.51,3004505.0
2016-05-14,$10.24,1827350.0
2016-05-15,$9.96,908888.0
2016-05-16,$11.17,2733716.0
2016-05-17,$12.20,3163827.0
2016-05-18,$13.56,5012641.0
2016-05-19,$14.77,3804494.0
2016-05-20,$13.64,3551940.0
2016-05-21,$14.02,1796531.0
2016-05-22,$14.29,1271136.0
2016-05-23,$13.46,1720881.0
2016-05-24,$12.73,3208074.0
2016-05-25,$12.53,2196015.0
2016-05-26,$12.43,1661120.0
2016-05-27,$11.30,4937432.0
2016-05-28,$11.89,4115325.0
2016-05-29,$12.35,2337903.0
2016-05-30,$12.73,1173774.0
2016-05-31,$14.08,3159010.0
2016-06-01,$14,1608828.0
2016-06-02,$13.74,756340.0
2016-06-03,$13.85,1680241.0
2016-06-04,$13.74,1149165.0
2016-06-05,$13.98,800896.0
2016-06-06,$13.93,626016.0
2016-06-07,$14.51,1509095.0
2016-06-08,$14.42,1168601.0
2016-06-09,$14.40,572001.0
2016-06-10,$13.91,800347.0
2016-06-11,$14.19,869595.0
2016-06-12,$15.74,2546504.0
2016-06-13,$17.60,2279239.0
2016-06-14,$18.89,3526054.0
2016-06-15,$18.35,1049995.0
2016-06-16,$20.59,1972408.0
2016-06-17,$15.38,11215298.0
2016-06-18,$11.33,10292949.0
2016-06-19,$12.23,5911360.0
2016-06-20,$11.84,4943133.0
2016-06-21,$13.31,5557432.0
2016-06-22,$13.10,7029831.0
2016-06-23,$13.68,2314096.0
2016-06-24,$14.33,2389455.0
2016-06-25,$14.28,1076118.0
2016-06-26,$13.85,1050773.0
2016-06-27,$13.88,791555.0
2016-06-28,$12.18,3353530.0
2016-06-29,$12.61,2179988.0
2016-06-30,$12.46,1262841.0
2016-07-01,$12.20,1411093.0
2016-07-02,$12.13,740896.0
2016-07-03,$11.72,890181.0
2016-07-04,$11.47,1114858.0
2016-07-05,$10.61,4218383.0
2016-07-06,$10.53,1707040.0
2016-07-07,$10.11,1502409.0
2016-07-08,$11.39,1864601.0
2016-07-09,$10.97,1548210.0
2016-07-10,$10.95,501532.0
2016-07-11,$10.46,1227842.0
2016-07-12,$10.52,1055759.0
2016-07-13,$10.50,639587.0
2016-07-14,$11.51,2128579.0
2016-07-15,$11.95,2266320.0
2016-07-16,$11.65,887108.0
2016-07-17,$11.16,1576912.0
2016-07-18,$11.03,1423762.0
2016-07-19,$11.62,1902386.0
2016-07-20,$12.45,4956881.0
2016-07-21,$12.65,1978470.0
2016-07-22,$14.66,5471337.0
2016-07-23,$14.30,2243764.0
2016-07-24,$12.75,5779654.0
2016-07-25,$13.84,2761581.0
2016-07-26,$11.99,7349975.0
2016-07-27,$12.97,4646506.0
2016-07-28,$12.84,1918433.0
2016-07-29,$12.79,1103412.0
2016-07-30,$12.46,716375.0
2016-07-31,$11.88,2103464.0
2016-08-01,$10.94,2096942.0
2016-08-02,$8.79,9089385.0
2016-08-03,$10.29,5612623.0
2016-08-04,$11.04,3565551.0
2016-08-05,$10.93,1411520.0
2016-08-06,$10.88,1553577.0
2016-08-07,$10.91,1517049.0
2016-08-08,$11.25,1348970.0
2016-08-09,$12.24,3109126.0
2016-08-10,$12.14,2302504.0
2016-08-11,$11.69,1467002.0
2016-08-12,$11.78,1161408.0
2016-08-13,$11.57,646611.0
2016-08-14,$11.19,762086.0
2016-08-15,$11.22,670766.0
2016-08-16,$11.14,632281.0
2016-08-17,$10.75,807105.0
2016-08-18,$10.76,641313.0
2016-08-19,$10.75,501125.0
2016-08-20,$11.25,675917.0
2016-08-21,$11.18,390030.0
2016-08-22,$11.12,589349.0
2016-08-23,$11.03,585949.0
2016-08-24,$11.04,400128.0
2016-08-25,$11.36,763605.0
2016-08-26,$11.30,517135.0
2016-08-27,$11.15,1346860.0
2016-08-28,$10.93,480457.0
2016-08-29,$10.98,741838.0
2016-08-30,$11.23,649394.0
2016-08-31,$11.67,967769.0
2016-09-01,$11.99,2008895.0
2016-09-02,$12.11,776486.0
2016-09-03,$11.76,1123060.0
2016-09-04,$11.68,618595.0
2016-09-05,$11.72,489239.0
2016-09-06,$11.69,544516.0
2016-09-07,$11.55,526139.0
2016-09-08,$11.35,1006325.0
2016-09-09,$11.65,529738.0
2016-09-10,$12.17,606875.0
2016-09-11,$11.64,737979.0
2016-09-12,$11.89,635216.0
2016-09-13,$11.92,979849.0
2016-09-14,$11.92,477753.0
2016-09-15,$11.94,609853.0
2016-09-16,$12.56,1417246.0
2016-09-17,$12.70,590298.0
2016-09-18,$12.43,1785025.0
2016-09-19,$13.19,1080312.0
2016-09-20,$14.43,2314122.0
2016-09-21,$13.77,2053405.0
2016-09-22,$13.25,2064679.0
2016-09-23,$13.33,690633.0
2016-09-24,$12.88,752576.0
2016-09-25,$13.10,407516.0
2016-09-26,$12.82,555921.0
2016-09-27,$13.10,525164.0
2016-09-28,$13.27,773631.0
2016-09-29,$13.07,454180.0
2016-09-30,$13.22,452020.0
2016-10-01,$13.17,480270.0
2016-10-02,$13.20,308948.0
2016-10-03,$13.45,559409.0
2016-10-04,$13.28,624521.0
2016-10-05,$13.04,749867.0
2016-10-06,$12.85,931719.0
2016-10-07,$12.67,700082.0
2016-10-08,$12.22,935821.0
2016-10-09,$12.05,593168.0
2016-10-10,$11.76,910248.0
2016-10-11,$11.79,988428.0
2016-10-12,$11.93,816563.0
2016-10-13,$11.96,725424.0
2016-10-14,$11.94,361880.0
2016-10-15,$11.98,418603.0
2016-10-16,$11.95,302259.0
2016-10-17,$12.01,478432.0
2016-10-18,$12.59,1523764.0
2016-10-19,$12.02,860904.0
2016-10-20,$12.10,674712.0
2016-10-21,$12.18,467814.0
2016-10-22,$12.07,626892.0
2016-10-23,$12.04,478728.0
2016-10-24,$11.97,478108.0
2016-10-25,$11.41,1660877.0
2016-10-26,$11.53,889819.0
2016-10-27,$11.50,1155155.0
2016-10-28,$11.09,1239432.0
2016-10-29,$10.44,2559849.0
2016-10-30,$11.18,1540475.0
2016-10-31,$11,1199364.0
2016-11-01,$10.77,2120000.0
2016-11-02,$10.75,1078321.0
2016-11-03,$10.80,1401297.0
2016-11-04,$11.09,908373.0
2016-11-05,$11,497867.0
2016-11-06,$10.87,517626.0
2016-11-07,$10.81,551667.0
2016-11-08,$10.83,577587.0
2016-11-09,$10.66,1373769.0
2016-11-10,$10.52,401508.0
2016-11-11,$10.29,581917.0
2016-11-12,$9.88,1000000.0
2016-11-13,$10.10,817870.0
2016-11-14,$9.97,355636.0
2016-11-15,$10.22,649906.0
2016-11-16,$10.06,940656.0
2016-11-17,$9.99,695687.0
2016-11-18,$9.48,1110483.0
2016-11-19,$9.66,540687.0
2016-11-20,$9.58,537917.0
2016-11-21,$9.62,381783.0
2016-11-22,$9.91,1146497.0
2016-11-23,$9.84,487569.0
2016-11-24,$9.23,1689149.0
2016-11-25,$9.40,816145.0
2016-11-26,$9.33,373375.0
2016-11-27,$9,956360.0
2016-11-28,$8.72,682301.0
2016-11-29,$8.17,2028687.0
2016-11-30,$8.59,1262816.0
2016-12-01,$8.45,690821.0
2016-12-02,$7.76,2315240.0
2016-12-03,$7.92,1537556.0
2016-12-04,$7.44,1100005.0
2016-12-05,$6.82,2431756.0
2016-12-06,$7.87,7094323.0
2016-12-07,$8.38,2766596.0
2016-12-08,$8.23,1904178.0
2016-12-09,$8.45,1549646.0
2016-12-10,$8.13,979272.0
2016-12-11,$8.19,678556.0
2016-12-12,$8.52,1089245.0
2016-12-13,$8.42,530596.0
2016-12-14,$8.27,876348.0
2016-12-15,$7.83,1646506.0
2016-12-16,$7.86,658647.0
2016-12-17,$7.88,1091479.0
2016-12-18,$7.87,750799.0
2016-12-19,$7.64,760369.0
2016-12-20,$7.66,825031.0
2016-12-21,$7.91,1205460.0
2016-12-22,$7.59,2119961.0
2016-12-23,$7.17,2650419.0
2016-12-24,$7.27,1052591.0
2016-12-25,$7.18,1199425.0
2016-12-26,$7.27,811231.0
2016-12-27,$7.17,1216717.0
2016-12-28,$7.52,2377024.0
2016-12-29,$8.28,3454851.0
2016-12-30,$8.16,1687583.0
2016-12-31,$7.97,1126660.0
2017-01-01,$8.17,1807571.0
2017-01-02,$8.38,1765085.0
2017-01-03,$9.73,3693048.0
2017-01-04,$11.25,3928344.0
2017-01-05,$10.25,3881149.0
2017-01-06,$10.25,2889392.0
2017-01-07,$9.87,2316518.0
2017-01-08,$10.29,1651966.0
2017-01-09,$10.33,2475294.0
2017-01-10,$10.55,1038635.0
2017-01-11,$9.72,2657107.0
2017-01-12,$9.86,3136334.0
2017-01-13,$9.77,2573573.0
2017-01-14,$9.65,2072303.0
2017-01-15,$9.90,1509067.0
2017-01-16,$9.64,1530863.0
2017-01-17,$10.30,1835061.0
2017-01-18,$10.23,1052764.0
2017-01-19,$10.40,809263.0
2017-01-20,$10.60,1044447.0
2017-01-21,$10.91,1108670.0
2017-01-22,$10.70,804321.0
2017-01-23,$10.82,675391.0
2017-01-24,$10.63,780078.0
2017-01-25,$10.57,638586.0
2017-01-26,$10.59,799718.0
2017-01-27,$10.54,681923.0
2017-01-28,$10.56,625096.0
2017-01-29,$10.48,446025.0
2017-01-30,$10.57,761570.0
2017-01-31,$10.73,1094031.0
2017-02-01,$10.73,1198899.0
2017-02-02,$10.82,946279.0
2017-02-03,$11.11,1178150.0
2017-02-04,$11.43,1251560.0
2017-02-05,$11.35,521312.0
2017-02-06,$11.39,500039.0
2017-02-07,$11.52,663880.0
2017-02-08,$11.43,845430.0
2017-02-09,$11.03,1645087.0
2017-02-10,$11.28,1072144.0
2017-02-11,$11.35,666036.0
2017-02-12,$11.40,551366.0
2017-02-13,$11.27,638489.0
2017-02-14,$13.03,3507274.0
2017-02-15,$12.92,1430263.0
2017-02-16,$12.90,2964321.0
2017-02-17,$12.68,909990.0
2017-02-18,$12.81,734471.0
2017-02-19,$12.76,609831.0
2017-02-20,$12.43,1028648.0
2017-02-21,$12.67,1214907.0
2017-02-22,$12.60,819043.0
2017-02-23,$13.12,1128165.0
2017-02-24,$13.07,1496800.0
2017-02-25,$13.55,1390651.0
2017-02-26,$14.52,1451054.0
2017-02-27,$15.40,2116071.0
2017-02-28,$15.82,4194005.0
2017-03-01,$17.35,2717526.0
2017-03-02,$19.03,4601849.0
2017-03-03,$19.46,4942686.0
2017-03-04,$18.62,1423687.0
2017-03-05,$19.30,1421673.0
2017-03-06,$19.61,1661086.0
2017-03-07,$18.89,1979265.0
2017-03-08,$16.65,2493926.0
2017-03-09,$17.75,1831176.0
2017-03-10,$19.33,4704034.0
2017-03-11,$21.47,3396370.0
2017-03-12,$23.44,3327191.0
2017-03-13,$28.59,9623806.0
2017-03-14,$28.65,3557159.0
2017-03-15,$35.06,5356730.0
2017-03-16,$46.35,11067170.0
2017-03-17,$46.83,10695056.0
2017-03-18,$34.16,6570927.0
2017-03-19,$44.74,5889675.0
2017-03-20,$43.39,3498242.0
2017-03-21,$43.15,2106651.0
2017-03-22,$42.34,2702366.0
2017-03-23,$43.68,2338340.0
2017-03-24,$53.11,6121505.0
2017-03-25,$51.25,4316157.0
2017-03-26,$50.52,2112151.0
2017-03-27,$49.67,2351692.0
2017-03-28,$50.77,1949156.0
2017-03-29,$53.13,2786815.0
2017-03-30,$52.21,1650956.0
2017-03-31,$50.04,3014153.0
2017-04-01,$50.70,1835108.0
2017-04-02,$48.75,2744360.0
2017-04-03,$44.36,4110091.0
2017-04-04,$44.64,3580684.0
2017-04-05,$45.30,2626588.0
2017-04-06,$43.24,3362743.0
2017-04-07,$42.16,1908967.0
2017-04-08,$44.31,1713697.0
2017-04-09,$43.27,1260916.0
2017-04-10,$43.44,1017117.0
2017-04-11,$43.41,878214.0
2017-04-12,$46.29,1955593.0
2017-04-13,$50.22,3245419.0
2017-04-14,$47.57,1886790.0
2017-04-15,$49.10,1368637.0
2017-04-16,$48.72,642653.0
2017-04-17,$48.30,908615.0
2017-04-18,$50.71,1587991.0
2017-04-19,$48.31,1546890.0
2017-04-20,$49.67,1625171.0
2017-04-21,$48.22,920951.0
2017-04-22,$48.55,771692.0
2017-04-23,$48.49,746554.0
2017-04-24,$50.03,1123124.0
2017-04-25,$49.89,765024.0
2017-04-26,$52.72,2036780.0
2017-04-27,$62.17,4302214.0
2017-04-28,$70.16,5223589.0
2017-04-29,$68.38,2376700.0
2017-04-30,$79.02,3118638.0
2017-05-01,$76.30,4843260.0
2017-05-02,$77.26,2519477.0
2017-05-03,$79.72,1814685.0
2017-05-04,$96.98,4148797.0
2017-05-05,$94.40,3434508.0
2017-05-06,$97.81,1587860.0
2017-05-07,$94.01,1929472.0
2017-05-08,$91.42,2502234.0
2017-05-09,$91.16,4085364.0
2017-05-10,$89.52,1623165.0
2017-05-11,$89.88,1432200.0
2017-05-12,$88.66,1620863.0
2017-05-13,$90.84,986024.0
2017-05-14,$90.79,728750.0
2017-05-15,$92.41,1871654.0
2017-05-16,$89.44,1671120.0
2017-05-17,$89.86,2063426.0
2017-05-18,$96.91,2099016.0
2017-05-19,$129.53,5485203.0
2017-05-20,$126.52,2579015.0
2017-05-21,$157.94,3999727.0
2017-05-22,$174.26,6925857.0
2017-05-23,$181.95,3005785.0
2017-05-24,$190.05,2864070.0
2017-05-25,$174.45,5061140.0
2017-05-26,$160.40,4664330.0
2017-05-27,$157.76,8047077.0
2017-05-28,$170.51,4306577.0
2017-05-29,$194.91,3956670.0
2017-05-30,$231.91,7462117.0
2017-05-31,$230.67,5560244.0
2017-06-01,$222.24,3597686.0
2017-06-02,$223.77,2098350.0
2017-06-03,$224.38,1916174.0
2017-06-04,$245.33,3194694.0
2017-06-05,$248.46,1766953.0
2017-06-06,$264.47,2887049.0
2017-06-07,$258.07,1773799.0
2017-06-08,$261.67,1488552.0
2017-06-09,$281.74,2051419.0
2017-06-10,$337.67,5149183.0
2017-06-11,$340.61,4067053.0
2017-06-12,$401.49,7694402.0
2017-06-13,$397.54,4363068.0
2017-06-14,$359.05,3397692.0
2017-06-15,$361.93,7111679.0
2017-06-16,$370.23,3032838.0
2017-06-17,$379.41,2424206.0
2017-06-18,$371.46,2395929.0
2017-06-19,$370.06,1840883.0
2017-06-20,$359.01,2798944.0
2017-06-21,$336.87,4124598.0
2017-06-22,$336.37,2749633.0
2017-06-23,$341.74,1743163.0
2017-06-24,$323.70,2024237.0
2017-06-25,$303.25,3815844.0
2017-06-26,$272.69,7397060.0
2017-06-27,$293.09,7270172.0
2017-06-28,$327.93,6685359.0
2017-06-29,$302.88,4791691.0
2017-06-30,$294.92,3367952.0
2017-07-01,$274.60,3854484.0
2017-07-02,$287.99,4007814.0
2017-07-03,$282.90,2978018.0
2017-07-04,$273.30,2464864.0
2017-07-05,$268.77,2931081.0
2017-07-06,$270.55,2300462.0
2017-07-07,$245.99,2657458.0
2017-07-08,$251.70,2996995.0
2017-07-09,$242.14,2038410.0
2017-07-10,$215.36,4172836.0
2017-07-11,$197.40,7093035.0
2017-07-12,$230.77,5852737.0
2017-07-13,$209.73,3794230.0
2017-07-14,$199.66,3711374.0
2017-07-15,$170.65,4373906.0
2017-07-16,$157.36,9590554.0
2017-07-17,$193.42,9456245.0
2017-07-18,$234.39,12322240.0
2017-07-19,$199.70,10682156.0
2017-07-20,$227.26,10232237.0
2017-07-21,$218.30,4509317.0
2017-07-22,$229.48,2757289.0
2017-07-23,$225.95,2872909.0
2017-07-24,$224.71,1916519.0
2017-07-25,$206.71,5142904.0
2017-07-26,$203.95,3515556.0
2017-07-27,$204.32,1925781.0
2017-07-28,$193.12,2831828.0
2017-07-29,$205.79,4187413.0
2017-07-30,$197.98,2946512.0
2017-07-31,$203.87,2852240.0
2017-08-01,$226.77,7340426.0
2017-08-02,$219.95,2828585.0
2017-08-03,$225.34,2493978.0
2017-08-04,$223.07,2404218.0
2017-08-05,$256.51,5566808.0
2017-08-06,$261.57,5693422.0
2017-08-07,$269.18,3534146.0
2017-08-08,$296.77,5310840.0
2017-08-09,$296.03,8876113.0
2017-08-10,$295.89,3621480.0
2017-08-11,$308.86,3160022.0
2017-08-12,$310.60,3572226.0
2017-08-13,$298.06,4532237.0
2017-08-14,$300.10,2878065.0
2017-08-15,$289.82,3597404.0
2017-08-16,$302.27,3277674.0
2017-08-17,$301.46,2992889.0
2017-08-18,$295.59,3126395.0
2017-08-19,$297.47,2912237.0
2017-08-20,$301.43,1920768.0
2017-08-21,$321.59,7735523.0
2017-08-22,$314.79,4238805.0
2017-08-23,$317.52,2554351.0
2017-08-24,$325.61,2166493.0
2017-08-25,$331.92,2303626.0
2017-08-26,$333.88,1547840.0
2017-08-27,$347.89,1856709.0
2017-08-28,$347.75,2461571.0
2017-08-29,$370.67,3388549.0
2017-08-30,$378.48,3558675.0
2017-08-31,$383.04,1853722.0
2017-09-01,$387.74,2263768.0
2017-09-02,$348.98,4080729.0
2017-09-03,$347.48,2825107.0
2017-09-04,$295.17,5677430.0
2017-09-05,$312.99,5181306.0
2017-09-06,$334.34,3267263.0
2017-09-07,$329.43,2183587.0
2017-09-08,$296.50,3541767.0
2017-09-09,$294.40,1795466.0
2017-09-10,$288.75,2436290.0
2017-09-11,$294.53,1950452.0
2017-09-12,$291.46,2543288.0
2017-09-13,$277.11,3291875.0
2017-09-14,$213.91,4809297.0
2017-09-15,$250.46,8421854.0
2017-09-16,$246.52,2852082.0
2017-09-17,$251.75,1727358.0
2017-09-18,$293.50,4132996.0
2017-09-19,$282.80,2256574.0
2017-09-20,$283.74,1485517.0
2017-09-21,$258.58,2219779.0
2017-09-22,$264.31,1639684.0
2017-09-23,$286.17,1642657.0
2017-09-24,$282.48,2005355.0
2017-09-25,$292.33,1680633.0
2017-09-26,$287.44,1191842.0
2017-09-27,$306.47,1852159.0
2017-09-28,$299.15,1661502.0
2017-09-29,$291.47,1850412.0
2017-09-30,$301.46,1119314.0
2017-10-01,$302.34,1018800.0
2017-10-02,$297.48,1133877.0
2017-10-03,$292.46,1092125.0
2017-10-04,$292.66,877463.0
2017-10-05,$295.86,863445.0
2017-10-06,$308.59,1055590.0
2017-10-07,$311.12,1105563.0
2017-10-08,$308.61,945517.0
2017-10-09,$297.39,1859389.0
2017-10-10,$299.87,1202236.0
2017-10-11,$303.46,874562.0
2017-10-12,$304.14,1729582.0
2017-10-13,$338.76,4041081.0
2017-10-14,$339.63,1518005.0
2017-10-15,$336.60,1897757.0
2017-10-16,$333.38,2050744.0
2017-10-17,$317.08,1574046.0
2017-10-18,$314.32,1956563.0
2017-10-19,$308.09,1123798.0
2017-10-20,$304.01,1293158.0
2017-10-21,$300.19,1360659.0
2017-10-22,$295.45,1096489.0
2017-10-23,$286.95,1669878.0
2017-10-24,$298.33,2319459.0
2017-10-25,$297.92,1093555.0
2017-10-26,$296.53,907840.0
2017-10-27,$297.42,866436.0
2017-10-28,$296.30,890197.0
2017-10-29,$305.09,1821550.0
2017-10-30,$307.75,1080161.0
2017-10-31,$305.88,1202199.0
2017-11-01,$291.69,1854823.0
2017-11-02,$287.43,3138639.0
2017-11-03,$305.71,2172188.0
2017-11-04,$300.47,1379949.0
2017-11-05,$296.26,1132330.0
2017-11-06,$298.89,1940154.0
2017-11-07,$294.66,1819474.0
2017-11-08,$309.07,3186319.0
2017-11-09,$320.88,2822208.0
2017-11-10,$299.25,2859911.0
2017-11-11,$314.68,2737165.0
2017-11-12,$307.91,5203683.0
2017-11-13,$316.72,3309741.0
2017-11-14,$337.63,3262886.0
2017-11-15,$333.36,2153933.0
2017-11-16,$330.92,2408386.0
2017-11-17,$332.39,1876873.0
2017-11-18,$347.61,1915068.0
2017-11-19,$354.39,3333371.0
2017-11-20,$366.73,2232054.0
2017-11-21,$360.40,2618641.0
2017-11-22,$380.65,2160682.0
2017-11-23,$410.17,4633749.0
2017-11-24,$474.91,5178202.0
2017-11-25,$466.28,3012562.0
2017-11-26,$471.33,2573616.0
2017-11-27,$480.36,2918804.0
2017-11-28,$472.90,2831384.0
2017-11-29,$427.52,5791514.0
2017-11-30,$447.11,4362119.0
2017-12-01,$466.54,2753684.0
2017-12-02,$463.45,2025880.0
2017-12-03,$465.85,2125419.0
2017-12-04,$470.20,2157439.0
2017-12-05,$463.28,2609881.0
2017-12-06,$428.59,4505380.0
2017-12-07,$434.41,4962327.0
2017-12-08,$456.03,5251915.0
2017-12-09,$473.50,4238172.0
2017-12-10,$441.72,3091528.0
2017-12-11,$515.14,3706775.0
2017-12-12,$651.43,8871356.0
2017-12-13,$702.77,6719273.0
2017-12-14,$695.82,5431235.0
2017-12-15,$684.45,4088462.0
2017-12-16,$696.21,3114331.0
2017-12-17,$719.97,3015701.0
2017-12-18,$794.65,4318574.0
2017-12-19,$826.82,4983637.0
2017-12-20,$819.09,4889585.0
2017-12-21,$821.06,4307169.0
2017-12-22,$674.86,6940138.0
2017-12-23,$719.39,3488106.0
2017-12-24,$694.15,3343081.0
2017-12-25,$765.83,3383142.0
2017-12-26,$773.84,2854081.0
2017-12-27,$762.84,2740239.0
2017-12-28,$737.02,3224507.0
2017-12-29,$753.59,3539381.0
2017-12-30,$717.26,4381633.0
2017-12-31,$756.73,3475895.0
2018-01-01,$772.64,3401008.0
2018-01-02,$884.44,6917945.0
2018-01-03,$962.72,5518588.0
2018-01-04,$980.92,6612293.0
2018-01-05,$997.72,6674490.0
2018-01-06,$1042,4557221.0
2018-01-07,$1153,5072335.0
2018-01-08,$1149,7365049.0
2018-01-09,$1300,6486254.0
2018-01-10,$1256,7088233.0
2018-01-11,$1155,5912299.0
2018-01-12,$1273,4309166.0
2018-01-13,$1396,4280449.0
2018-01-14,$1367,3552825.0
2018-01-15,$1292,3582475.0
2018-01-16,$1054,7447255.0
2018-01-17,$1014,8660474.0
2018-01-18,$1036,5764254.0
2018-01-19,$1039,3922782.0
2018-01-20,$1155,3603849.0
2018-01-21,$1050,3083296.0
2018-01-22,$1003,3736812.0
2018-01-23,$986.23,3616214.0
2018-01-24,$1059,3871916.0
2018-01-25,$1056,3804201.0
2018-01-26,$1055,3457562.0
2018-01-27,$1107,2775988.0
2018-01-28,$1246,4545753.0
2018-01-29,$1182,3060929.0
2018-01-30,$1071,3652356.0
2018-01-31,$1118,3453195.0
2018-02-01,$1037,4891935.0
2018-02-02,$915.78,7169829.0
2018-02-03,$964.02,3484934.0
2018-02-04,$834.68,3354851.0
2018-02-05,$697.95,5628616.0
2018-02-06,$793.12,9079256.0
2018-02-07,$757.07,4991695.0
2018-02-08,$817.81,4672353.0
2018-02-09,$883.86,2957860.0
2018-02-10,$860.41,3362763.0
2018-02-11,$814.66,2994647.0
2018-02-12,$868.71,2655230.0
2018-02-13,$845.26,2438323.0
2018-02-14,$923.56,3185904.0
2018-02-15,$936.98,3115230.0
2018-02-16,$944.21,2529531.0
2018-02-17,$974.11,2633565.0
2018-02-18,$923.92,2705508.0
2018-02-19,$943.86,2316797.0
2018-02-20,$895.37,2753746.0
2018-02-21,$849.97,2904151.0
2018-02-22,$812.84,2574754.0
2018-02-23,$864.19,2782123.0
2018-02-24,$840.52,2266438.0
2018-02-25,$844.81,1960783.0
2018-02-26,$869.32,2379163.0
2018-02-27,$878.27,2339392.0
2018-02-28,$855.20,2258513.0
2018-03-01,$872.20,2159870.0
2018-03-02,$856.85,2191722.0
2018-03-03,$857.22,1977397.0
2018-03-04,$866.68,1979470.0
2018-03-05,$853.68,2205002.0
2018-03-06,$816.95,2330854.0
2018-03-07,$752.83,2787874.0
2018-03-08,$704.60,2584993.0
2018-03-09,$728.92,3180498.0
2018-03-10,$686.89,2153200.0
2018-03-11,$723.34,2222399.0
2018-03-12,$699.83,2477176.0
2018-03-13,$690.83,2048013.0
2018-03-14,$614.29,2782919.0
2018-03-15,$611.30,2918818.0
2018-03-16,$601.67,2338398.0
2018-03-17,$552.78,2192770.0
2018-03-18,$538.64,5110347.0
2018-03-19,$556.73,3754579.0
2018-03-20,$557.17,3330663.0
2018-03-21,$561.73,3151282.0
2018-03-22,$539.70,2766833.0
2018-03-23,$539.62,2994888.0
2018-03-24,$526.44,2429392.0
2018-03-25,$524.29,2194304.0
2018-03-26,$489.95,3259734.0
2018-03-27,$450.12,3440339.0
2018-03-28,$446.28,3350623.0
2018-03-29,$385.97,4717221.0
2018-03-30,$394.64,4818498.0
2018-03-31,$396.46,3303853.0
2018-04-01,$379.61,3262233.0
2018-04-02,$386.42,2865097.0
2018-04-03,$416.89,3394286.0
2018-04-04,$380.54,3239980.0
2018-04-05,$383.23,3184492.0
2018-04-06,$370.29,2570159.0
2018-04-07,$385.31,2506041.0
2018-04-08,$400.51,2409715.0
2018-04-09,$398.53,3652036.0
2018-04-10,$414.24,2946865.0
2018-04-11,$430.54,3408896.0
2018-04-12,$492.94,5496076.0
2018-04-13,$492.73,4850578.0
2018-04-14,$501.48,3046752.0
2018-04-15,$531.70,3336794.0
2018-04-16,$511.15,3386447.0
2018-04-17,$502.89,3460813.0
2018-04-18,$524.79,3429444.0
2018-04-19,$567.89,4135203.0
2018-04-20,$615.72,4824071.0
2018-04-21,$605.40,4314835.0
2018-04-22,$621.86,3940957.0
2018-04-23,$642.55,3771438.0
2018-04-24,$708.16,5298923.0
2018-04-25,$615.42,6412990.0
2018-04-26,$662.81,4684327.0
2018-04-27,$647.03,3935010.0
2018-04-28,$683.68,3748148.0
2018-04-29,$688.88,3999270.0
2018-04-30,$669.92,4195365.0
2018-05-01,$673.61,4034563.0
2018-05-02,$687.15,4154230.0
2018-05-03,$779.54,5734905.0
2018-05-04,$785.62,4517301.0
2018-05-05,$816.12,3779156.0
2018-05-06,$792.31,3871871.0
2018-05-07,$753.72,5654923.0
2018-05-08,$752.86,3880727.0
2018-05-09,$752.28,3858795.0
2018-05-10,$727.28,3698218.0
2018-05-11,$679.59,4677711.0
2018-05-12,$686.05,3951240.0
2018-05-13,$733.50,3330631.0
2018-05-14,$730.55,4143208.0
2018-05-15,$708.87,3504203.0
2018-05-16,$707.05,3527402.0
2018-05-17,$672.66,3395574.0
2018-05-18,$694.37,3384188.0
2018-05-19,$696.53,2894161.0
2018-05-20,$715.37,3048949.0
2018-05-21,$699.22,2835986.0
2018-05-22,$647.74,3313075.0
2018-05-23,$583.59,4880836.0
2018-05-24,$601.76,4742071.0
2018-05-25,$586.73,3545262.0
2018-05-26,$587.28,2866363.0
2018-05-27,$572.67,3091597.0
2018-05-28,$516.04,4329195.0
2018-05-29,$565.39,4296542.0
2018-05-30,$559.59,3643422.0
2018-05-31,$577.65,3484421.0
2018-06-01,$580.04,3361561.0
2018-06-02,$591.81,3205247.0
2018-06-03,$618.33,3022314.0
2018-06-04,$592.98,3146685.0
2018-06-05,$609.30,3080175.0
2018-06-06,$607.12,2896867.0
2018-06-07,$605.19,3093977.0
2018-06-08,$601.08,2717270.0
2018-06-09,$597.56,2527329.0
2018-06-10,$526.48,4014063.0
2018-06-11,$533.28,3757093.0
2018-06-12,$496.84,3753406.0
2018-06-13,$477.49,4296879.0
2018-06-14,$519.74,4944172.0
2018-06-15,$491,3580289.0
2018-06-16,$499.64,2651928.0
2018-06-17,$500.45,2521922.0
2018-06-18,$518.89,2976924.0
2018-06-19,$537.96,3264393.0
2018-06-20,$536.27,2990469.0
2018-06-21,$527.37,2743353.0
2018-06-22,$465.82,4503672.0
2018-06-23,$474.52,3509262.0
2018-06-24,$457.67,5431218.0
2018-06-25,$460.31,8734344.0
2018-06-26,$432.77,3035693.0
2018-06-27,$442.36,3140347.0
2018-06-28,$422.36,3150068.0
2018-06-29,$436.01,3663205.0
2018-06-30,$455.18,3304836.0
2018-07-01,$453.92,3335882.0
2018-07-02,$475.35,3504972.0
2018-07-03,$464.20,3571415.0
2018-07-04,$467.32,3318405.0
2018-07-05,$474.41,3870975.0
2018-07-06,$474.01,3452660.0
2018-07-07,$491.66,2823711.0
2018-07-08,$489.12,2726182.0
2018-07-09,$476.68,3176260.0
2018-07-10,$434.42,3925853.0
2018-07-11,$446.52,3236804.0
2018-07-12,$430.07,3426215.0
2018-07-13,$434.03,3428726.0
2018-07-14,$436.09,2838519.0
2018-07-15,$449.85,3044930.0
2018-07-16,$480.66,4000301.0
2018-07-17,$501,4672500.0
2018-07-18,$480.51,4817453.0
2018-07-19,$469.62,4358385.0
2018-07-20,$450.70,3974556.0
2018-07-21,$462.44,3293545.0
2018-07-22,$459.66,2892497.0
2018-07-23,$450.85,3491111.0
2018-07-24,$479.37,4913533.0
2018-07-25,$472.49,4061081.0
2018-07-26,$464.04,3447396.0
2018-07-27,$469.67,3719214.0
2018-07-28,$466.90,3274739.0
2018-07-29,$466.67,3496963.0
2018-07-30,$457.08,4654366.0
2018-07-31,$433.87,4094153.0
2018-08-01,$420.75,4441083.0
2018-08-02,$412.62,3761573.0
2018-08-03,$418.26,4172108.0
2018-08-04,$407.25,3556412.0
2018-08-05,$410.52,3419346.0
2018-08-06,$406.66,3387920.0
2018-08-07,$380.21,4644933.0
2018-08-08,$356.61,5482575.0
2018-08-09,$365.59,4468489.0
2018-08-10,$334.18,4867249.0
2018-08-11,$322.11,5512562.0
2018-08-12,$319.57,5049535.0
2018-08-13,$286.50,5764333.0
2018-08-14,$278.93,7729590.0
2018-08-15,$282.36,6552867.0
2018-08-16,$288.05,5400696.0
2018-08-17,$315.73,6613341.0
2018-08-18,$295.81,5785569.0
2018-08-19,$300.83,4846845.0
2018-08-20,$274.31,4902312.0
2018-08-21,$281.94,4177826.0
2018-08-22,$271.34,5404768.0
2018-08-23,$277.10,4624544.0
2018-08-24,$282.97,5187330.0
2018-08-25,$279.65,4296735.0
2018-08-26,$275.20,4361333.0
2018-08-27,$285.60,5023353.0
2018-08-28,$296.50,5199979.0
2018-08-29,$289.31,5041621.0
2018-08-30,$284.11,5307679.0
2018-08-31,$283,4997116.0
2018-09-01,$295.34,5317255.0
2018-09-02,$294.37,4480262.0
2018-09-03,$289.26,4777860.0
2018-09-04,$285.72,5404249.0
2018-09-05,$232.33,9203808.0
2018-09-06,$230.22,9201351.0
2018-09-07,$217.20,7478044.0
2018-09-08,$197.95,7316303.0
2018-09-09,$196.92,8017288.0
2018-09-10,$197.08,7644858.0
2018-09-11,$185.07,8231806.0
2018-09-12,$183.33,10349710.0
2018-09-13,$211.35,11760770.0
2018-09-14,$211.75,10478781.0
2018-09-15,$223.07,7688456.0
2018-09-16,$220.59,6849392.0
2018-09-17,$197.88,9629739.0
2018-09-18,$209.97,8822882.0
2018-09-19,$209.97,8303676.0
2018-09-20,$224.59,8217132.0
2018-09-21,$246.58,12045998.0
2018-09-22,$240.48,7901977.0
2018-09-23,$244.33,6978777.0
2018-09-24,$228.73,7392921.0
2018-09-25,$218.50,9619963.0
2018-09-26,$215.85,8120224.0
2018-09-27,$228.49,9153935.0
2018-09-28,$222.40,8950924.0
2018-09-29,$231.63,9779263.0
2018-09-30,$232.85,7596992.0
2018-10-01,$230.77,6907511.0
2018-10-02,$227.18,6739197.0
2018-10-03,$220.49,7590998.0
2018-10-04,$222.22,6657592.0
2018-10-05,$227.60,6883523.0
2018-10-06,$225.12,6653346.0
2018-10-07,$226.12,6528720.0
2018-10-08,$229.25,6457128.0
2018-10-09,$227.98,6147684.0
2018-10-10,$225.77,6113251.0
2018-10-11,$189.50,10446361.0
2018-10-12,$196.73,7693879.0
2018-10-13,$199.84,5883352.0
2018-10-14,$195.72,5901777.0
2018-10-15,$209.70,13958381.0
2018-10-16,$210.12,7297440.0
2018-10-17,$207.08,6923295.0
2018-10-18,$203.35,6654941.0
2018-10-19,$203.73,6217556.0
2018-10-20,$205.43,6055753.0
2018-10-21,$205.14,5782998.0
2018-10-22,$204.04,6486626.0
2018-10-23,$204.34,6070442.0
2018-10-24,$203.85,5397020.0
2018-10-25,$202.72,5429394.0
2018-10-26,$203.33,5720739.0
2018-10-27,$204.21,5312618.0
2018-10-28,$205.37,5561392.0
2018-10-29,$197.25,7550756.0
2018-10-30,$197.56,6910533.0
2018-10-31,$197.38,7304114.0
2018-11-01,$198.87,6704535.0
2018-11-02,$200.63,7262709.0
2018-11-03,$200.19,6525961.0
2018-11-04,$207.49,8554975.0
2018-11-05,$209.09,7742556.0
2018-11-06,$218.45,8694964.0
2018-11-07,$217.18,8817673.0
2018-11-08,$212.23,8227322.0
2018-11-09,$210.07,7360722.0
2018-11-10,$212.53,6512923.0
2018-11-11,$211.34,7102366.0
2018-11-12,$210.42,6887643.0
2018-11-13,$206.83,7726590.0
2018-11-14,$181.40,13498888.0
2018-11-15,$180.81,14716085.0
2018-11-16,$175.18,11345503.0
2018-11-17,$174,10501948.0
2018-11-18,$177.07,10280848.0
2018-11-19,$149.18,16857244.0
2018-11-20,$130.34,22518931.0
2018-11-21,$136.70,20176379.0
2018-11-22,$126.71,13577665.0
2018-11-23,$123.30,16102920.0
2018-11-24,$113.49,15184840.0
2018-11-25,$116.45,21915465.0
2018-11-26,$108.33,19112828.0
2018-11-27,$110.01,21471137.0
2018-11-28,$122.44,22806799.0
2018-11-29,$117.54,18347076.0
2018-11-30,$113.17,17493385.0
2018-12-01,$118.64,18355012.0
2018-12-02,$116.39,15753531.0
2018-12-03,$108.93,15780627.0
2018-12-04,$110.21,15908238.0
2018-12-05,$102.48,18691314.0
2018-12-06,$91.76,23695408.0
2018-12-07,$93.29,28030777.0
2018-12-08,$92.16,20091587.0
2018-12-09,$95.14,19894112.0
2018-12-10,$91.69,18806045.0
2018-12-11,$88.95,18919644.0
2018-12-12,$90.59,17048097.0
2018-12-13,$86.54,19834108.0
2018-12-14,$84.31,19354744.0
2018-12-15,$84.44,17764575.0
2018-12-16,$85.26,18325974.0
2018-12-17,$95.13,23175661.0
2018-12-18,$101.11,23328612.0
2018-12-19,$101.27,23838348.0
2018-12-20,$116.22,28165496.0
2018-12-21,$109.50,23296299.0
2018-12-22,$116.76,20766941.0
2018-12-23,$130.77,28730232.0
2018-12-24,$140.24,31261957.0
2018-12-25,$129.84,24570486.0
2018-12-26,$131.87,20738049.0
2018-12-27,$116.58,21035802.0
2018-12-28,$137.65,24652590.0
2018-12-29,$138.02,22713397.0
2018-12-30,$139.86,19270406.0
2018-12-31,$133.37,17274201.0
2019-01-01,$140.82,16478213.0
2019-01-02,$155.05,22406735.0
2019-01-03,$149.14,17623740.0
2019-01-04,$154.58,20557589.0
2019-01-05,$155.64,21359772.0
2019-01-06,$157.75,20679953.0
2019-01-07,$151.70,17522627.0
2019-01-08,$150.36,16273146.0
2019-01-09,$150.80,15657676.0
2019-01-10,$128.63,24349974.0
2019-01-11,$127.55,20890696.0
2019-01-12,$125.97,17431222.0
2019-01-13,$116.90,18700777.0
2019-01-14,$129.07,22662070.0
2019-01-15,$129.07,22662070.0
2019-01-16,$123.06,18725143.0
2019-01-17,$122.46,17549056.0
2019-01-18,$120.13,16449712.0
2019-01-19,$123.69,18418615.0
2019-01-20,$118.23,19553560.0
2019-01-21,$116.60,16495973.0
2019-01-22,$119.06,18246219.0
2019-01-23,$116.38,15536497.0
2019-01-24,$116.92,17257209.0
2019-01-25,$115.23,16283201.0
2019-01-26,$115.34,16464614.0
2019-01-27,$112.52,18267694.0
2019-01-28,$105.98,25914720.0
2019-01-29,$104.48,19159696.0
2019-01-30,$108.20,22337963.0
2019-01-31,$106.74,19234736.0
2019-02-01,$106.60,19031831.0
2019-02-02,$109.87,15692903.0
2019-02-03,$107.18,18123665.0
2019-02-04,$106.99,18280328.0
2019-02-05,$106.97,18360089.0
2019-02-06,$104.55,20268159.0
2019-02-07,$104.30,17539647.0
2019-02-08,$118.86,28635677.0
2019-02-09,$118.86,19690596.0
2019-02-10,$123.60,21914832.0
2019-02-11,$120.72,20055073.0
2019-02-12,$122.02,21066980.0
2019-02-13,$121.37,22753268.0
2019-02-14,$120.33,22424126.0
2019-02-15,$121.51,19960746.0
2019-02-16,$123.10,17977204.0
2019-02-17,$132.41,28188443.0
2019-02-18,$144.76,33150158.0
2019-02-19,$143.87,27538332.0
2019-02-20,$147.90,25672547.0
2019-02-21,$144.55,22017303.0
2019-02-22,$147.55,20867965.0
2019-02-23,$157.47,25897437.0
2019-02-24,$135.02,33446693.0
2019-02-25,$138.20,30623691.0
2019-02-26,$138.20,30623691.0
2019-02-27,$134.28,28193381.0
2019-02-28,$135.49,28033648.0
2019-03-01,$136.14,20777328.0
2019-03-02,$133.70,23052813.0
2019-03-03,$131.32,21256200.0
2019-03-04,$127.14,25858222.0
2019-03-05,$138.62,32129144.0
2019-03-06,$137.63,26821501.0
2019-03-07,$136.75,25268952.0
2019-03-08,$133.17,27856535.0
2019-03-09,$136.15,28048468.0
2019-03-10,$135.05,25255771.0
2019-03-11,$134.36,28068726.0
2019-03-12,$133.35,25490961.0
2019-03-13,$131.83,26267317.0
2019-03-14,$131.93,27909788.0
2019-03-15,$136.96,29994714.0
2019-03-16,$140.92,28719390.0
2019-03-17,$137.43,23400865.0
2019-03-18,$138.00,26173717.0
2019-03-19,$138.46,24620747.0
2019-03-20,$139.05,26473155.0
2019-03-21,$134.76,29630659.0
2019-03-22,$136.17,27213741.0
2019-03-23,$136.47,24823774.0
2019-03-24,$135.45,26574135.0
2019-03-25,$133.39,29032448.0
2019-03-26,$134.38,27342884.0
2019-03-27,$138.75,32826997.0
2019-03-28,$137.90,25027718.0
2019-03-29,$142.05,28939886.0
2019-03-30,$141.88,28999551.0
2019-03-31,$141.11,23437397.0
2019-04-01,$141.34,25723133.0
2019-04-02,$161.77,47123056.0
2019-04-03,$161.30,46188915.0
2019-04-04,$156.60,36984105.0
2019-04-05,$164.69,35074733.0
2019-04-06,$164.96,32008194.0
2019-04-07,$172.83,35888199.0
2019-04-08,$179.46,41284942.0
2019-04-09,$179.46,41284942.0
2019-04-10,$176.42,37370862.0
2019-04-11,$164.24,39050037.0
2019-04-12,$164.29,30368769.0
2019-04-13,$163.08,25582760.0
2019-04-14,$167.41,25489628.0
2019-04-15,$161.14,30001442.0
2019-04-16,$166.36,26143293.0
2019-04-17,$166.08,28192635.0
2019-04-18,$173.16,32073049.0
2019-04-19,$173.12,30908914.0
2019-04-20,$173.20,27706757.0
2019-04-21,$169.09,28246353.0
2019-04-22,$170.94,27401346.0
2019-04-23,$170.37,33601402.0
2019-04-24,$164.72,36766525.0
2019-04-25,$154.89,33547775.0
2019-04-26,$156.94,38382938.0
2019-04-27,$159.41,29785745.0
2019-04-28,$158.04,26081024.0
2019-04-29,$155.27,31756836.0
2019-04-30,$160.85,30808017.0
2019-05-01,$159.90,27805908.0
2019-05-02,$161.56,29056261.0
2019-05-03,$167.60,34909842.0
2019-05-04,$163.27,32792440.0
2019-05-05,$162.93,27315828.0
2019-05-06,$173.67,35790500.0
2019-05-07,$169.10,38834423.0
2019-05-08,$170.46,31809515.0
2019-05-09,$170.17,29227517.0
2019-05-10,$172.56,35888209.0
2019-05-11,$192.65,55877473.0
2019-05-12,$186.70,48506662.0
2019-05-13,$195.16,43143549.0
2019-05-14,$216.22,50299851.0
2019-05-15,$245.48,47355741.0
2019-05-16,$262.04,54920034.0
2019-05-17,$241.07,50935419.0
2019-05-18,$235.85,30661581.0
2019-05-19,$260.70,31753084.0
2019-05-20,$252.91,33081528.0
2019-05-21,$255.16,29738298.0
2019-05-22,$245.62,30249804.0
2019-05-23,$243.99,34736605.0
2019-05-24,$248.69,31371326.0
2019-05-25,$250.49,27999204.0
2019-05-26,$264.87,30457790.0
2019-05-27,$272.09,34225136.0
2019-05-28,$271.68,29840027.0
2019-05-29,$268.95,28830124.0
2019-05-30,$254.99,39166886.0
2019-05-31,$267.53,33776490.0
2019-06-01,$264.22,28716934.0
2019-06-02,$269.40,25309456.0
2019-06-03,$251.91,26566324.0
2019-06-04,$241.67,31245963.0
2019-06-05,$245.63,26358233.0
2019-06-06,$248.88,25346518.0
2019-06-07,$249.30,23816730.0
2019-06-08,$243.86,19800978.0
2019-06-09,$231.72,22503147.0
2019-06-10,$246.16,24789632.0
2019-06-11,$244.28,22311145.0
2019-06-12,$260.42,25365437.0
2019-06-13,$254.79,23101025.0
2019-06-14,$262.74,24688929.0
2019-06-15,$267.79,22224874.0
2019-06-16,$268.49,26530762.0
2019-06-17,$272.85,25229595.0
2019-06-18,$264.31,23922201.0
2019-06-19,$268.04,20680749.0
2019-06-20,$270.94,24165701.0
2019-06-21,$293.59,33046865.0
2019-06-22,$310.23,34888842.0
2019-06-23,$308.28,26105043.0
2019-06-24,$310.62,25441555.0
2019-06-25,$317.77,28494498.0
2019-06-26,$337.95,45907369.0
2019-06-27,$297.18,42957819.0
2019-06-28,$310.26,33129000.0
2019-06-29,$321.02,31718718.0
2019-06-30,$291.57,29319811.0
2019-07-01,$294.20,31147247.0
2019-07-02,$289.83,32370827.0
2019-07-03,$299.40,28611341.0
2019-07-04,$282.60,24392984.0
2019-07-05,$286.54,26000977.0
2019-07-06,$287.67,22829705.0
2019-07-07,$303.54,24091502.0
2019-07-08,$310.34,25129406.0
2019-07-09,$306.41,28744581.0
2019-07-10,$288.27,34110229.0
2019-07-11,$267.83,33070476.0
2019-07-12,$273.00,27778821.0
2019-07-13,$269.00,26036828.0
2019-07-14,$227.94,32346238.0
2019-07-15,$230.25,40409769.0
2019-07-16,$198.97,36759643.0
2019-07-17,$210.14,41441625.0
2019-07-18,$224.85,38887102.0
2019-07-19,$221.39,32098298.0
2019-07-20,$227.11,32763349.0
2019-07-21,$225.29,28367359.0
2019-07-22,$217.51,142121217.0
2019-07-23,$213.17,28933675.0
2019-07-24,$216.78,29838639.0
2019-07-25,$219.12,26851862.0
2019-07-26,$219.12,22959165.0
2019-07-27,$207.34,24770160.0
2019-07-28,$211.15,22733344.0
2019-07-29,$211.03,22027467.0
2019-07-30,$209.74,22581073.0
2019-07-31,$218.44,24086728.0
2019-08-01,$216.69,22683784.0
2019-08-02,$217.56,23803184.0
2019-08-03,$221.53,22131023.0
2019-08-04,$221.85,20723407.0
2019-08-05,$232.49,28183008.0
2019-08-06,$226.15,26841167.0
2019-08-07,$226.02,25171347.0
2019-08-08,$221.57,24681851.0
2019-08-09,$210.06,26614596.0
2019-08-10,$206.23,25866486.0
2019-08-11,$216.08,25023482.0
2019-08-12,$211.40,21457928.0
2019-08-13,$209.22,23753870.0
2019-08-14,$188.88,29291859.0
2019-08-15,$189.51,35019787.0
2019-08-16,$186.57,29528414.0
2019-08-17,$187.53,23230991.0
2019-08-18,$195.07,25022948.0
2019-08-19,$202.94,25263576.0
2019-08-20,$197.48,24041428.0
2019-08-21,$189.12,30974530.0
2019-08-22,$192.20,29423194.0
2019-08-23,$194.86,26908017.0
2019-08-24,$191.80,26054341.0
2019-08-25,$188.74,25148689.0
2019-08-26,$190.47,27767545.0
2019-08-27,$189.40,26148587.0
2019-08-28,$177.84,29461827.0
2019-08-29,$170.98,33844918.0
2019-08-30,$171.15,28645297.0
2019-08-31,$173.33,28655333.0
2019-09-01,$173.42,27744037.0
2019-09-02,$181.65,32583267.0
2019-09-03,$183.31,31363337.0
2019-09-04,$179.64,28091883.0
2019-09-05,$178.00,27977729.0
2019-09-06,$170.55,32618254.0
2019-09-07,$177.96,33172401.0
2019-09-08,$182.11,31431955.0
2019-09-09,$182.71,33736586.0
2019-09-10,$182.44,29702208.0
2019-09-11,$180.43,33091375.0
2019-09-12,$183.31,27997214.0
2019-09-13,$182.89,36683086.0
2019-09-14,$187.43,39204858.0
2019-09-15,$189.92,36562943.0
2019-09-16,$195.96,45012560.0
2019-09-17,$207.00,52394111.0
2019-09-18,$209.48,44856579.0
2019-09-19,$219.47,52676914.0
2019-09-20,$216.51,39214732.0
2019-09-21,$214.06,38206899.0
2019-09-22,$209.77,40082003.0
2019-09-23,$200.89,38900169.0
2019-09-24,$166.65,61027774.0
2019-09-25,$170.25,59207149.0
2019-09-26,$166.39,50833627.0
2019-09-27,$172.29,50229220.0
2019-09-28,$173.19,44887785.0
2019-09-29,$168.87,43617017.0
2019-09-30,$178.03,48949674.0
2019-10-01,$175.24,46145654.0
2019-10-02,$178.64,39659075.0
2019-10-03,$173.64,39510807.0
2019-10-04,$174.84,38453875.0
2019-10-05,$175.09,36252416.0
2019-10-06,$169.96,36269141.0
2019-10-07,$178.64,46533948.0
2019-10-08,$181.03,43354602.0
2019-10-09,$193.75,51340930.0
2019-10-10,$191.29,44627394.0
2019-10-11,$181.06,49107391.0
2019-10-12,$181.06,49107391.0
2019-10-13,$181.06,49107391.0
2019-10-14,$186.70,42620832.0
2019-10-15,$186.70,42620832.0
2019-10-16,$186.70,42620832.0
2019-10-17,$176.14,38982528.0
2019-10-18,$172.18,43503495.0
2019-10-19,$171.95,36865810.0
2019-10-20,$174.79,40707263.0
2019-10-21,$174.34,38765284.0
2019-10-22,$171.39,39322594.0
2019-10-23,$161.65,59332493.0
2019-10-24,$160.88,47166121.0
2019-10-25,$160.88,47166121.0
2019-10-26,$160.88,47166121.0
2019-10-27,$183.67,47098888.0
2019-10-28,$181.63,55025268.0
2019-10-29,$190.26,58565936.0
2019-10-30,$182.89,58069701.0
2019-10-31,$182.43,54976602.0
2019-11-01,$182.53,51002173.0
2019-11-02,$182.72,43661150.0
2019-11-03,$181.66,46384121.0
2019-11-04,$185.75,57961784.0
2019-11-05,$188.84,54771649.0
2019-11-06,$191.39,54592123.0
2019-11-07,$186.67,49133840.0
2019-11-08,$183.86,48963288.0
2019-11-09,$184.99,38348324.0
2019-11-10,$189.02,43925102.0
2019-11-11,$184.91,40038030.0
2019-11-12,$186.75,39897465.0
2019-11-13,$186.99,37610784.0
2019-11-14,$184.94,40660193.0
2019-11-15,$180.14,47281671.0
2019-11-16,$182.26,35089693.0
2019-11-17,$183.65,37464759.0
2019-11-18,$178.32,40098216.0
2019-11-19,$175.86,39703940.0
2019-11-20,$174.83,37616637.0
2019-11-21,$160.96,48068424.0
2019-11-22,$149.71,75437260.0
2019-11-23,$151.79,50943443.0
2019-11-24,$139.97,47948156.0
2019-11-25,$146.36,72705094.0
2019-11-26,$147.76,48914434.0
2019-11-27,$151.91,57536557.0
2019-11-28,$151.36,46055646.0
2019-11-29,$154.12,47453547.0
2019-11-30,$152.10,40571290.0
2019-12-01,$150.96,45962256.0
2019-12-02,$148.89,39508663.0
2019-12-03,$147.89,36597167.0
2019-12-04,$145.92,47464352.0
2019-12-05,$148.65,41445748.0
2019-12-06,$149.14,38793288.0
2019-12-07,$147.72,34898644.0
2019-12-08,$150.27,38204671.0
2019-12-09,$147.57,40182218.0
2019-12-10,$145.07,40394601.0
2019-12-11,$143.35,39282580.0
2019-12-12,$144.55,45381520.0
2019-12-13,$144.65,39905848.0
2019-12-14,$141.94,39361270.0
2019-12-15,$142.28,40794187.0
2019-12-16,$133.84,53586826.0
2019-12-17,$121.74,57836910.0
2019-12-18,$132.84,80927592.0
2019-12-19,$128.10,57681028.0
2019-12-20,$128.53,49818388.0
2019-12-21,$127.14,42397382.0
2019-12-22,$131.69,53324150.0
2019-12-23,$128.46,55687262.0
2019-12-24,$127.87,47896218.0
2019-12-25,$125.53,49532218.0
2019-12-26,$125.86,52673459.0
2019-12-27,$126.64,50319375.0
2019-12-28,$127.82,45754286.0
2019-12-29,$134.32,56352849.0
2019-12-30,$131.80,53983397.0
2019-12-31,$130.20,51329388.0
2020-01-01,$130.77,44307590.0
2020-01-02,$127.10,45146240.0
2020-01-03,$133.80,59821670.0
2020-01-04,$134.20,45421699.0
2020-01-05,$135.16,47703449.0
2020-01-06,$143.99,56664517.0
2020-01-07,$143.19,56853752.0
2020-01-08,$140.76,58471396.0
2020-01-09,$138.21,48474611.0
2020-01-10,$144.30,56749291.0
2020-01-11,$142.56,56164090.0
2020-01-12,$145.52,50502608.0
2020-01-13,$143.84,49898255.0
2020-01-14,$166.08,97622726.0
2020-01-15,$166.34,82022766.0
2020-01-16,$164.41,74731981.0
2020-01-17,$170.74,78660584.0
2020-01-18,$174.51,77102997.0
2020-01-19,$167.90,71027603.0
2020-01-20,$166.95,57215269.0
2020-01-21,$169.56,48415983.0
2020-01-22,$168.08,45903172.0
2020-01-23,$163.13,54612132.0
2020-01-24,$162.57,56593408.0
2020-01-25,$160.76,42848347.0
2020-01-26,$167.87,47988060.0
2020-01-27,$170.43,55987241.0
2020-01-28,$175.74,59040271.0
2020-01-29,$174.31,51736919.0
2020-01-30,$184.59,61680379.0
2020-01-31,$179.72,55186682.0
2020-02-01,$183.69,53303524.0
2020-02-02,$188.56,64530736.0
2020-02-03,$189.99,55160927.0
2020-02-04,$188.73,52584606.0
2020-02-05,$204.02,69585421.0
2020-02-06,$213.17,68911446.0
2020-02-07,$223.93,67215856.0
2020-02-08,$223.30,65728703.0
2020-02-09,$228.52,57816017.0
2020-02-10,$223.53,62973763.0
2020-02-11,$236.86,67482761.0
2020-02-12,$266.03,87667513.0
2020-02-13,$268.52,90779887.0
2020-02-14,$285.15,80498405.0
2020-02-15,$264.12,78590794.0
2020-02-16,$261.52,89810986.0
2020-02-17,$267.69,97843720.0
2020-02-18,$281.93,91387620.0
2020-02-19,$259.86,70677480.0
2020-02-20,$258.12,81981061.0
2020-02-21,$265.49,69525744.0
2020-02-22,$261.80,51201289.0
2020-02-23,$274.56,59616163.0
2020-02-24,$265.77,66140318.0
2020-02-25,$247.68,68042903.0
2020-02-26,$224.94,91226085.0
2020-02-27,$226.33,93914021.0
2020-02-28,$226.33,93914021.0
2020-02-29,$218.39,67689212.0
2020-03-01,$218.61,71661725.0
2020-03-02,$231.29,78973954.0
2020-03-03,$223.68,76162518.0
2020-03-04,$224.34,66434913.0
2020-03-05,$228.36,69147856.0
2020-03-06,$242.57,73177728.0
2020-03-07,$236.55,69976850.0
2020-03-08,$198.27,77387447.0
2020-03-09,$202.68,99900746.0
2020-03-10,$200.31,74438950.0
2020-03-11,$195.57,72050849.0
2020-03-12,$106.74,104374960.0
2020-03-13,$132.90,193116818.0
2020-03-14,$122.71,82987198.0
2020-03-15,$123.77,84922833.0
2020-03-16,$110.71,117031946.0
2020-03-17,$116.38,85820753.0
2020-03-18,$117.15,84875422.0
2020-03-19,$136.63,107634879.0
2020-03-20,$132.65,108735518.0
2020-03-21,$132.33,85482302.0
2020-03-22,$123.85,76469307.0
2020-03-23,$135.63,92301521.0
2020-03-24,$138.61,85544550.0
2020-03-25,$136.85,79070688.0
2020-03-26,$138.97,68196082.0
2020-03-27,$132.36,66387952.0
2020-03-28,$132.36,66387952.0
2020-03-29,$125.88,63672639.0
2020-03-30,$132.46,73608806.0
2020-03-31,$133.22,68100299.0
2020-04-01,$135.32,77959686.0
2020-04-02,$141.35,88821952.0
2020-04-03,$141.65,73382561.0
2020-04-04,$144.41,66224780.0
2020-04-05,$143.87,62090332.0
2020-04-06,$170.72,115799644.0
2020-04-07,$164.68,99216797.0
2020-04-08,$172.83,77669277.0
2020-04-09,$170.29,67727846.0
2020-04-10,$157.73,88044803.0
2020-04-11,$158.39,66337525.0
2020-04-12,$159.96,72734685.0
2020-04-13,$156.04,82594372.0
2020-04-14,$157.78,69494760.0
2020-04-15,$153.12,69575657.0
2020-04-16,$172.07,108447065.0
2020-04-17,$170.45,73261546.0
2020-04-18,$187.37,86660335.0
2020-04-19,$179.99,78874935.0
2020-04-20,$170.64,95563153.0
2020-04-21,$171.26,76312445.0
2020-04-22,$182.04,80015228.0
2020-04-23,$184.83,90495046.0
2020-04-24,$187.24,69473062.0
2020-04-25,$194.18,73481165.0
2020-04-26,$197.33,75335608.0
2020-04-27,$195.95,75280159.0
2020-04-28,$196.78,71527660.0
2020-04-29,$215.32,94207682.0
2020-04-30,$205.71,95677389.0
2020-05-01,$212.00,69856285.0
2020-05-02,$213.98,57716471.0
2020-05-03,$213.98,57716471.0
2020-05-04,$206.70,78169190.0
2020-05-05,$204.86,64121625.0
2020-05-06,$199.66,67482530.0
2020-05-07,$212.02,81283236.0
2020-05-08,$211.53,68430783.0
2020-05-09,$211.53,68430783.0
2020-05-10,$188.11,99903569.0
2020-05-11,$186.30,81456929.0
2020-05-12,$189.43,59600831.0
2020-05-13,$199.55,67488075.0
2020-05-14,$203.03,73951318.0
2020-05-15,$194.25,60033861.0
2020-05-16,$200.05,59152255.0
2020-05-17,$205.26,58500281.0
2020-05-18,$214.35,62823156.0
2020-05-19,$214.23,51261432.0
2020-05-20,$210.41,44506750.0
2020-05-21,$198.94,47503174.0
2020-05-22,$207.17,44345625.0
2020-05-23,$206.12,36784107.0
2020-05-24,$201.78,41778006.0
2020-05-25,$203.99,38455162.0
2020-05-26,$201.12,36359507.0
2020-05-27,$207.85,37228877.0
2020-05-28,$219.45,41875394.0
2020-05-29,$220.40,40204059.0
2020-05-30,$243.26,51514129.0
2020-05-31,$232.22,41768799.0
2020-06-01,$247.60,44940719.0
2020-06-02,$237.73,44657121.0
2020-06-03,$243.92,34619658.0
2020-06-04,$243.92,34619658.0
2020-06-05,$243.92,34619658.0
2020-06-06,$241.94,48922299.0
2020-06-07,$244.24,55360944.0
2020-06-08,$246.17,27034911.0
2020-06-09,$243.75,28177741.0
2020-06-10,$247.49,30069619.0
2020-06-11,$231.63,40854956.0
2020-06-12,$237.34,32248270.0
2020-06-13,$238.06,25765183.0
2020-06-14,$232.51,26388259.0
2020-06-15,$230.92,38436462.0
2020-06-16,$234.95,28569493.0
2020-06-17,$233.88,29473990.0
2020-06-18,$232.11,27181102.0
2020-06-19,$229.43,26441957.0
2020-06-20,$229.20,24135557.0
2020-06-21,$228.27,22589162.0
2020-06-22,$242.86,34329771.0
2020-06-23,$243.11,26078773.0
2020-06-24,$234.56,34228153.0
2020-06-25,$232.76,26642871.0
2020-06-26,$229.73,27192702.0
2020-06-27,$221.17,26455165.0
2020-06-28,$225.05,24596739.0
2020-06-29,$228.03,25363697.0
2020-06-30,$225.93,22380850.0
2020-07-01,$230.95,24276037.0
2020-07-02,$230.95,24276037.0
2020-07-03,$225.46,19129856.0
2020-07-04,$229.06,19314387.0
2020-07-05,$228.03,20511726.0
2020-07-06,$241.57,32383213.0
2020-07-07,$239.11,21947549.0
2020-07-08,$246.76,25238654.0
2020-07-09,$242.13,19261624.0
2020-07-10,$240.99,17385420.0
2020-07-11,$239.13,15602610.0
2020-07-12,$242.34,18306927.0
2020-07-13,$239.81,21020424.0
2020-07-14,$240.41,17302309.0
2020-07-15,$238.69,16230009.0
2020-07-16,$233.63,19255491.0
2020-07-17,$232.81,15308144.0
2020-07-18,$235.74,15072561.0
2020-07-19,$239.03,15397128.0
2020-07-20,$236.11,16881206.0
2020-07-21,$245.41,20478792.0
2020-07-22,$263.50,23606917.0
2020-07-23,$275.14,29424324.0
2020-07-24,$279.43,25904298.0
2020-07-25,$304.87,29616472.0
2020-07-26,$310.59,31033169.0
2020-07-27,$321.50,37866334.0
2020-07-28,$316.63,29458596.0
2020-07-29,$317.71,22609964.0
2020-07-30,$334.46,24758657.0
2020-07-31,$345.94,26780044.0
2020-08-01,$387.62,32953405.0
2020-08-02,$371.12,42019733.0
2020-08-03,$386.30,28959506.0
2020-08-04,$389.32,26694794.0
2020-08-05,$400.61,24903131.0
2020-08-06,$393.78,20657491.0
2020-08-07,$379.36,23907243.0
2020-08-08,$394.93,18781093.0
2020-08-09,$389.65,20677006.0
2020-08-10,$395.36,22061082.0
2020-08-11,$379.07,23639900.0
2020-08-12,$387.42,22560370.0
2020-08-13,$425.11,32128252.0
2020-08-14,$437.14,26203194.0
2020-08-15,$433.27,20595432.0
2020-08-16,$433.69,20811296.0
2020-08-17,$430.06,22257016.0
2020-08-18,$422.25,24058839.0
2020-08-19,$405.93,26065798.0
2020-08-20,$416.45,21737428.0
2020-08-21,$387.53,23839496.0
2020-08-22,$396.19,22644242.0
2020-08-23,$391.19,18746115.0
2020-08-24,$408.52,22220914.0
2020-08-25,$383.84,24725301.0
2020-08-26,$385.77,21523004.0
2020-08-27,$381.99,22215857.0
2020-08-28,$395.11,20174737.0
2020-08-29,$398.96,18709363.0
2020-08-30,$428.29,22834077.0
2020-08-31,$434.43,24493566.0
2020-09-01,$476.12,31697932.0
2020-09-02,$439.23,49857198.0
2020-09-03,$382.63,51801147.0
2020-09-04,$386.54,45959268.0
2020-09-05,$333.27,64391686.0
2020-09-06,$352.58,52960925.0
2020-09-07,$351.87,48604969.0
2020-09-08,$337.42,40930345.0
2020-09-09,$350.61,33556039.0
2020-09-10,$367.60,109753490.0
2020-09-11,$373.84,101042323.0
2020-09-12,$387.58,105222783.0
2020-09-13,$365.88,106014304.0
2020-09-14,$376.34,35323655.0
2020-09-15,$364.12,31268502.0
2020-09-16,$364.85,31553268.0
2020-09-17,$389.05,42090466.0
2020-09-18,$383.13,30637977.0
2020-09-19,$385.07,24723801.0
2020-09-20,$370.81,26809794.0
2020-09-21,$341.44,38244228.0
2020-09-22,$344.02,31126139.0
2020-09-23,$320.34,34859101.0
2020-09-24,$348.93,34087441.0
2020-09-25,$351.31,30149067.0
2020-09-26,$354.20,24731822.0
2020-09-27,$357.22,24285079.0
2020-09-28,$354.38,26588404.0
2020-09-29,$359.37,24225752.0
2020-09-30,$359.27,22721853.0
2020-10-01,$352.98,29325659.0
2020-10-02,$345.53,29775627.0
2020-10-03,$345.53,29775627.0
2020-10-04,$352.33,20614205.0
2020-10-05,$353.41,21655236.0
2020-10-06,$340.46,27273598.0
2020-10-07,$341.58,25141819.0
2020-10-08,$350.62,26671655.0
2020-10-09,$365.34,28690394.0
2020-10-10,$365.34,28690394.0
2020-10-11,$374.51,22203737.0
2020-10-12,$387.02,33715642.0
2020-10-13,$380.90,28116817.0
2020-10-14,$378.99,29265701.0
2020-10-15,$377.28,27789512.0
2020-10-16,$365.49,26682482.0
2020-10-17,$368.44,18809675.0
2020-10-18,$377.84,18086131.0
2020-10-19,$379.27,24083938.0
2020-10-20,$368.34,26683361.0
2020-10-21,$391.20,39161926.0
2020-10-22,$413.30,24998213.0
2020-10-23,$408.73,19701248.0
2020-10-24,$411.97,17083588.0
2020-10-25,$405.66,16379474.0
2020-10-26,$392.98,21668474.0
2020-10-27,$403.14,20621940.0
2020-10-28,$388.35,22614853.0
2020-10-29,$386.53,19404105.0
2020-10-30,$382.64,20742226.0
2020-10-31,$386.39,17676315.0
2020-11-01,$395.52,16744615.0
2020-11-02,$383.44,20999062.0
2020-11-03,$387.63,21182537.0
2020-11-04,$401.55,23676932.0
2020-11-05,$416.25,56224431.0
2020-11-06,$455.60,32434844.0
2020-11-07,$435.31,52583405.0
2020-11-08,$454.73,21501213.0
2020-11-09,$444.79,55481907.0
2020-11-10,$450.05,40305203.0
2020-11-11,$463.47,38192596.0
2020-11-12,$462.41,20499901.0
2020-11-13,$476.46,34803490.0
2020-11-14,$461.63,17773547.0
2020-11-15,$461.63,17773547.0
2020-11-16,$460.76,18574383.0
2020-11-17,$481.13,22778986.0
2020-11-18,$479.43,78009398.0
2020-11-19,$470.98,36528011.0
2020-11-20,$509.08,42933594.0
2020-11-21,$550.25,38878739.0
2020-11-22,$558.54,31498559.0
2020-11-23,$607.68,43325119.0
2020-11-24,$602.63,43915122.0
2020-11-25,$570.29,23913330.0
2020-11-26,$517.08,38041462.0
2020-11-27,$516.69,36971591.0
2020-11-28,$537.22,19402685.0
2020-11-29,$574.71,19118446.0
2020-11-30,$613.80,35854896.0
2020-12-01,$588.29,44498606.0
2020-12-02,$597.34,19558337.0
2020-12-03,$616.42,29637289.0
2020-12-04,$570.41,23649008.0
2020-12-05,$595.76,18569054.0
2020-12-06,$601.09,17908962.0
2020-12-07,$591.57,17682994.0
2020-12-08,$554.32,21768627.0
2020-12-09,$573.52,30108254.0
2020-12-10,$559.66,23903185.0
2020-12-11,$545.71,34125752.0
2020-12-12,$567.59,16768925.0
2020-12-13,$589.20,24091174.0
2020-12-14,$585.33,25228271.0
2020-12-15,$587.93,25855214.0
2020-12-16,$637.84,23529025.0
2020-12-17,$644.15,28865955.0
2020-12-18,$654.44,19912386.0
2020-12-19,$659.05,17990106.0
2020-12-20,$639.02,17114353.0
2020-12-21,$609.66,20395131.0
2020-12-22,$635.17,19259982.0
2020-12-23,$584.39,21244053.0
2020-12-24,$611.88,19569463.0
2020-12-25,$626.98,17430536.0
2020-12-26,$636.85,18647830.0
2020-12-27,$684.57,29879336.0
2020-12-28,$731.88,25757591.0
2020-12-29,$733.32,20468873.0
2020-12-30,$751.24,19162225.0
2020-12-31,$737.11,16790240.0
2021-01-01,$728.66,15257171.0
2021-01-02,$774.52,23171255.0
2021-01-03,$974.88,40505992.0
2021-01-04,$1037,47452129.0
2021-01-05,$1098,35218131.0
2021-01-06,$1206,35051322.0
2021-01-07,$1221,28887068.0
2021-01-08,$1220,32604111.0
2021-01-09,$1279,24592022.0
2021-01-10,$1262,30041172.0
2021-01-11,$1088,49501862.0
2021-01-12,$1042,30286494.0
2021-01-13,$1129,26279313.0
2021-01-14,$1220,26096142.0
2021-01-15,$1170,26959065.0
2021-01-16,$1234,24084469.0
2021-01-17,$1230,21999208.0
2021-01-18,$1259,19612771.0
2021-01-19,$1378,35453262.0
2021-01-20,$1384,35512945.0
2021-01-21,$1120,33602855.0
2021-01-22,$1235,34986041.0
2021-01-23,$1230,22593041.0
2021-01-24,$1391,27151503.0
2021-01-25,$1322,27448751.0
2021-01-26,$1352,26532822.0
2021-01-27,$1249,68269596.0
2021-01-28,$1332,23193123.0
2021-01-29,$1382,31821943.0
2021-01-30,$1377,20218153.0
2021-01-31,$1317,17258605.0
2021-02-01,$1371,19975955.0
2021-02-02,$1515,26787102.0
2021-02-03,$1663,24001442.0
2021-02-04,$1597,22948566.0
2021-02-05,$1720,21254668.0
2021-02-06,$1679,20533555.0
2021-02-07,$1614,21165014.0
2021-02-08,$1747,24074028.0
2021-02-09,$1769,21735861.0
2021-02-10,$1743,20766990.0
2021-02-11,$1782,17805460.0
2021-02-12,$1842,18613452.0
2021-02-13,$1814,17643182.0
2021-02-14,$1805,16025340.0
2021-02-15,$1777,19456334.0
2021-02-16,$1782,17477540.0
2021-02-17,$1846,17680245.0
2021-02-18,$1937,17275323.0
2021-02-19,$1958,16653445.0
2021-02-20,$1917,19905749.0
2021-02-21,$1933,15883199.0
2021-02-22,$1781,25298786.0
2021-02-23,$1568,32693525.0
2021-02-24,$1623,22379101.0
2021-02-25,$1477,17860906.0
2021-02-26,$1442,24663607.0
2021-02-27,$1461,17096948.0
2021-02-28,$1412,22617526.0
2021-03-01,$1568,18913191.0
2021-03-02,$1490,17307697.0
2021-03-03,$1574,17150942.0
2021-03-04,$1540,17432419.0
2021-03-05,$1531,17071322.0
2021-03-06,$1656,17290140.0
2021-03-07,$1725,15747222.0
2021-03-08,$1835,18806375.0
2021-03-09,$1866,15640073.0
2021-03-10,$1798,16183438.0
2021-03-11,$1825,16509252.0
2021-03-12,$1769,15553808.0
2021-03-13,$1925,16650966.0
2021-03-14,$1860,13324415.0
2021-03-15,$1789,19268612.0
2021-03-16,$1801,16735690.0
2021-03-17,$1820,16756624.0
2021-03-18,$1777,16536815.0
2021-03-19,$1809,14958505.0
2021-03-20,$1805,15613024.0
2021-03-21,$1784,16044195.0
2021-03-22,$1683,16806736.0
2021-03-23,$1673,16556660.0
2021-03-24,$1586,22018351.0
2021-03-25,$1588,24324462.0
2021-03-26,$1698,18176803.0
2021-03-27,$1714,14524339.0
2021-03-28,$1686,14194309.0
2021-03-29,$1818,17799894.0
2021-03-30,$1841,18198159.0
2021-03-31,$1913,21470034.0
2021-04-01,$1969,20404233.0
2021-04-02,$2134,21904436.0
2021-04-03,$2014,19412905.0
2021-04-04,$2076,16049152.0
2021-04-05,$2101,18053857.0
2021-04-06,$2114,18704935.0
2021-04-07,$1971,22941483.0
2021-04-08,$2079,17229571.0
2021-04-09,$2064,16420664.0
2021-04-10,$2135,22189483.0
2021-04-11,$2116,18955967.0
2021-04-12,$2124,20097638.0
2021-04-13,$2291,18220010.0
2021-04-14,$2418,18185882.0
2021-04-15,$2503,16476851.0
2021-04-16,$2422,17849560.0
2021-04-17,$2327,15730758.0
2021-04-18,$2231,25669603.0
2021-04-19,$2162,17375714.0
2021-04-20,$2328,20062943.0
2021-04-21,$2362,18628066.0
2021-04-22,$2408,23424508.0
2021-04-23,$2363,27721662.0
2021-04-24,$2211,16029983.0
2021-04-25,$2308,15725355.0
2021-04-26,$2532,16391137.0
2021-04-27,$2655,14281432.0
2021-04-28,$2745,15453956.0
2021-04-29,$2757,14450656.0
2021-04-30,$2772,2786.0
2021-05-01,$2946,3026.0
2021-05-02,$2952,2975.0
2021-05-03,$3427,3708.0
2021-05-04,$3236,3132.0
2021-05-05,$3520,3679.0
2021-05-06,$3488,3501.0
2021-05-07,$3484,3495.0
2021-05-08,$3903,4154.0
2021-05-09,$3926,15131119.0
2021-05-10,$3950,18150511.0
2021-05-11,$4170,15458092.0
2021-05-12,$3846,17313101.0
2021-05-13,$3723,21162196.0
2021-05-14,$4077,13218131.0
2021-05-15,$3649,11849786.0
2021-05-16,$3579,14658257.0
2021-05-17,$3275,17746045.0
2021-05-18,$3382,14160605.0
2021-05-19,$2469,32302370.0
2021-05-20,$2764,28886189.0
2021-05-21,$2417,35969607.0
2021-05-22,$2295,43237529.0
2021-05-23,$2112,29695768.0
2021-05-24,$2633,26497863.0
2021-05-25,$2692,30356645.0
2021-05-26,$2872,22403778.0
2021-05-27,$2740,14706642.0
2021-05-28,$2419,18015367.0
2021-05-29,$2278,17333457.0
2021-05-30,$2389,14152339.0
2021-05-31,$2706,16238578.0
2021-06-01,$2628,13940325.0
2021-06-02,$2711,13959815.0
2021-06-03,$2853,15020466.0
2021-06-04,$2688,15831960.0
2021-06-05,$2622,14115991.0
2021-06-06,$2709,12297553.0
2021-06-07,$2589,13702945.0
2021-06-08,$2512,19598054.0
2021-06-09,$2606,17129607.0
2021-06-10,$2473,12291807.0
2021-06-11,$2351,11561693.0
2021-06-12,$2371,12454123.0
2021-06-13,$2503,12555668.0
2021-06-14,$2577,12182479.0
2021-06-15,$2544,11473493.0
2021-06-16,$2363,10466927.0
2021-06-17,$2375,9996640.0
2021-06-18,$2228,11834581.0
2021-06-19,$2174,9544569.0
2021-06-20,$2242,12769649.0
2021-06-21,$1887,18768519.0
2021-06-22,$1868,20734188.0
2021-06-23,$1968,15286934.0
2021-06-24,$1986,12663730.0
2021-06-25,$1818,14027820.0
2021-06-26,$1817,14260758.0
2021-06-27,$1977,13736952.0
2021-06-28,$2080,15128854.0
2021-06-29,$2162,13371189.0
2021-06-30,$2272,14314244.0
2021-07-01,$2114,15255233.0
2021-07-02,$2153,11460972.0
2021-07-03,$2228,9619711.0
2021-07-04,$2322,9702861.0
2021-07-05,$2202,10707147.0
2021-07-06,$2322,11048828.0
2021-07-07,$2311,9781955.0
2021-07-08,$2121,10844942.0
2021-07-09,$2151,11108139.0
2021-07-10,$2111,8800420.0
2021-07-11,$2140,7381463.0
2021-07-12,$2036,8674543.0
2021-07-13,$1938,8051455.0
2021-07-14,$1992,9090218.0
2021-07-15,$1905,8101371.0
2021-07-16,$1879,8203795.0
2021-07-17,$1898,7163554.0
2021-07-18,$1896,7297423.0
2021-07-19,$1819,7444567.0
2021-07-20,$1787,10519711.0
2021-07-21,$1990,11948945.0
2021-07-22,$2024,9369888.0
2021-07-23,$2125,9131875.0
2021-07-24,$2186,7895373.0
2021-07-25,$2190,6682539.0
2021-07-26,$2237,12866671.0
2021-07-27,$2294,11058615.0
2021-07-28,$2298,8649897.0
2021-07-29,$2380,6857635.0
2021-07-30,$2464,8777771.0
2021-07-31,$2539,7711943.0
2021-08-01,$2567,8586571.0
2021-08-02,$2609,8759091.0
2021-08-03,$2505,8866990.0
2021-08-04,$2725,9680835.0
2021-08-05,$2825,12100346.0
2021-08-06,$2892,9308281.0
2021-08-07,$3164,11056746.0
2021-08-08,$3010,9403810.0
2021-08-09,$3164,10501933.0
2021-08-10,$3142,8471306.0
2021-08-11,$3166,7745818.0
2021-08-12,$3046,7799269.0
2021-08-13,$3322,7493561.0
2021-08-14,$3260,6312210.0
2021-08-15,$3308,7209070.0
2021-08-16,$3158,7339383.0
2021-08-17,$3012,7970885.0
2021-08-18,$3028,6825040.0
2021-08-19,$3180,6465057.0
2021-08-20,$3283,6367952.0
2021-08-21,$3227,5204736.0
2021-08-22,$3242,4772982.0
2021-08-23,$3316,5880495.0
2021-08-24,$3173,6218315.0
2021-08-25,$3224,5561417.0
2021-08-26,$3106,5228837.0
2021-08-27,$3261,5321184.0
2021-08-28,$3241,3987310.0
2021-08-29,$3226,4153648.0
2021-08-30,$3224,6127306.0
2021-08-31,$3438,8882224.0
2021-09-01,$3781,8820439.0
2021-09-02,$3742,6704624.0
2021-09-03,$3894,7319008.0
2021-09-04,$3886,5601903.0
2021-09-05,$3953,4731883.0
2021-09-06,$3932,4851167.0
2021-09-07,$3424,10394873.0
2021-09-08,$3490,8561245.0
2021-09-09,$3425,6282372.0
2021-09-10,$3207,6146433.0
2021-09-11,$3263,5016003.0
2021-09-12,$3412,4759960.0
2021-09-13,$3288,7245553.0
2021-09-14,$3421,5443039.0
2021-09-15,$3594,4913376.0
2021-09-16,$3568,5362995.0
2021-09-17,$3397,4720814.0
2021-09-18,$3429,4161103.0
2021-09-19,$3326,3875909.0
2021-09-20,$2968,7890964.0
2021-09-21,$2754,9098157.0
2021-09-22,$3073,7838553.0
2021-09-23,$3153,5333946.0
2021-09-24,$2926,8499432.0
2021-09-25,$2931,6483358.0
2021-09-26,$3059,7207893.0
2021-09-27,$2938,5517556.0
2021-09-28,$2804,5503080.0
2021-09-29,$2850,5183643.0
2021-09-30,$3001,5663566.0
2021-10-01,$3296,6635690.0
2021-10-02,$3380,5547434.0
2021-10-03,$3409,4772412.0
2021-10-04,$3378,5234480.0
2021-10-05,$3504,5210409.0
2021-10-06,$3581,5977203.0
2021-10-07,$3583,4942125.0
2021-10-08,$3555,4328603.0
2021-10-09,$3580,3511501.0
2021-10-10,$3415,4475820.0
2021-10-11,$3529,4602535.0
2021-10-12,$3489,4662598.0
2021-10-13,$3597,4138494.0
2021-10-14,$3785,4643166.0
2021-10-15,$3863,4731899.0
2021-10-16,$3835,3552619.0
2021-10-17,$3853,3474244.0
2021-10-18,$3745,3779990.0
2021-10-19,$3876,3502234.0
2021-10-20,$4156,4324414.0
2021-10-21,$4063,10061064.0
2021-10-22,$3971,3907261.0
2021-10-23,$4162,3179311.0
2021-10-24,$4081,3158069.0
2021-10-25,$4213,3221895.0
2021-10-26,$4133,3467121.0
2021-10-27,$3936,5360731.0
2021-10-28,$4277,5105865.0
2021-10-29,$4412,4448427.0
2021-10-30,$4312,2998988.0
2021-10-31,$4294,3469275.0
2021-11-01,$4330,3572352.0
2021-11-02,$4588,3958870.0
2021-11-03,$4604,3886721.0
2021-11-04,$4532,3353581.0
2021-11-05,$4482,2861751.0
2021-11-06,$4512,2806053.0
2021-11-07,$4613,2397922.0
2021-11-08,$4812,3616357.0
2021-11-09,$4737,3369096.0
2021-11-10,$4631,4077487.0
2021-11-11,$4719,2954126.0
2021-11-12,$4672,3401036.0
2021-11-13,$4624,2408726.0
2021-11-14,$4630,2395301.0
2021-11-15,$4569,2954249.0
2021-11-16,$4222,5207512.0
2021-11-17,$4284,4025072.0
2021-11-18,$3992,4129448.0
2021-11-19,$4294,3781143.0
2021-11-20,$4412,2909497.0
2021-11-21,$4245,2597625.0
2021-11-22,$4092,3821426.0
2021-11-23,$4342,4065659.0
2021-11-24,$4269,3419785.0
2021-11-25,$4517,3407749.0
2021-11-26,$4034,4964470.0
2021-11-27,$4074,2812861.0
2021-11-28,$4289,3111954.0
2021-11-29,$4441,3448279.0
2021-11-30,$4637,5057779.0
2021-12-01,$4578,4346123.0
2021-12-02,$4508,3595295.0
2021-12-03,$4225,4489850.0
2021-12-04,$4111,7331541.0
2021-12-05,$4195,4392695.0
2021-12-06,$4351,5326337.0
2021-12-07,$4310,3580090.0
2021-12-08,$4434,3389921.0
2021-12-09,$4130,3857356.0
2021-12-10,$3904,4818151.0
2021-12-11,$4083,3480435.0
2021-12-12,$4138,2553804.0
2021-12-13,$3801,4366778.0
2021-12-14,$3853,9335252.0
2021-12-15,$4020,4927247.0
2021-12-16,$3960,3409102.0
2021-12-17,$3886,4277213.0
2021-12-18,$3959,3320857.0
2021-12-19,$3918,2854883.0
2021-12-20,$3936,3804288.0
2021-12-21,$4021,3077949.0
2021-12-22,$3981,2637471.0
2021-12-23,$4107,3439257.0
2021-12-24,$4044,2386102.0
2021-12-25,$4101,2151313.0
2021-12-26,$4069,2238790.0
2021-12-27,$4044,2269762.0
2021-12-28,$3799,3328863.0
2021-12-29,$3629,3141021.0
2021-12-30,$3710,2668002.0
2021-12-31,$3679,2927604.0
2022-01-01,$3766,2111955.0
2022-01-02,$3831,2122531.0
2022-01-03,$3763,2460209.0
2022-01-04,$3792,2805586.0
2022-01-05,$3548,3718649.0
2022-01-06,$3411,5971525.0
2022-01-07,$3194,5808602.0
2022-01-08,$3194,5808602.0
2022-01-09,$3153,3394973.0
2022-01-10,$3084,5186404.0
2022-01-11,$3237,3662339.0
2022-01-12,$3370,3963775.0
2022-01-13,$3244,3477988.0
2022-01-14,$3309,3213007.0
2022-01-15,$3329,2556751.0
2022-01-16,$3348,2224888.0
2022-01-17,$3211,2800253.0
2022-01-18,$3165,3075030.0
2022-01-19,$3092,3064918.0
2022-01-20,$3000,3161190.0
2022-01-21,$2561,7116138.0
2022-01-22,$2404,8411361.0
2022-01-23,$2535,4961150.0
2022-01-24,$2442,8967506.0
2022-01-25,$2455,4741097.0
2022-01-26,$2465,6230583.0
2022-01-27,$2423,4930485.0
2022-01-28,$2548,4396280.0
2022-01-29,$2595,7524748.0
2022-01-30,$2603,5064109.0
2022-01-31,$2688,7750592.0
2022-02-01,$2791,6721894.0
2022-02-02,$2682,7462754.0
2022-02-03,$2677,7888804.0
2022-02-04,$2988,10153547.0
2022-02-05,$3012,8032053.0
2022-02-06,$2992,7014862.0
2022-02-07,$3143,8768315.0
2022-02-08,$3120,7106716.0
2022-02-09,$3239,6307189.0
2022-02-10,$3071,8683455.0
2022-02-11,$2927,8326727.0
2022-02-12,$2915,5830614.0
2022-02-13,$2885,4214753.0
2022-02-14,$2933,5994915.0
2022-02-15,$3180,6415613.0
2022-02-16,$3125,5657456.0
2022-02-17,$2882,7348374.0
2022-02-18,$2781,4968003.0
2022-02-19,$2763,2763666.0
2022-02-20,$2626,3334110.0
2022-02-21,$2576,5120762.0
2022-02-22,$2638,9533182.0
2022-02-23,$2589,4955444.0
2022-02-24,$2597,20134653.0
2022-02-25,$2766,9685014.0
2022-02-26,$2779,6446752.0
2022-02-27,$2623,7461960.0
2022-02-28,$2915,11702186.0
2022-03-01,$2967,9592942.0
2022-03-02,$2943,8770150.0
2022-03-03,$2830,6183176.0
2022-03-04,$2615,7166231.0
2022-03-05,$2663,5587222.0
2022-03-06,$2553,5718295.0
2022-03-07,$2495,7574678.0
2022-03-08,$2576,7321730.0
2022-03-09,$2731,6801753.0
2022-03-10,$2607,6580987.0
2022-03-11,$2558,6071548.0
2022-03-12,$2572,3101777.0
2022-03-13,$2518,4070948.0
2022-03-14,$2588,5429790.0
2022-03-15,$2619,5975366.0
2022-03-16,$2772,9235151.0
2022-03-17,$2814,5300864.0
2022-03-18,$2944,6607344.0
2022-03-19,$2944,6607344.0
2022-03-20,$2944,6607344.0
2022-03-21,$2896,5838493.0
2022-03-22,$2970,6459500.0
2022-03-23,$3033,5910393.0
2022-03-24,$3109,7112721.0
2022-03-25,$3107,5598478.0
2022-03-26,$3142,2951522.0
2022-03-27,$3288,4787824.0
2022-03-28,$3334,7164739.0
2022-03-29,$3403,6791172.0
2022-03-30,$3383,5428354.0
2022-03-31,$3280,5916279.0
2022-04-01,$3451,7145752.0
2022-04-02,$3442,7684033.0
2022-04-03,$3521,4831091.0
2022-04-04,$3519,6685749.0
2022-04-05,$3407,5140809.0
2022-04-06,$3169,9043930.0
2022-04-07,$3232,5985732.0
2022-04-08,$3191,6339648.0
2022-04-09,$3262,3686996.0
2022-04-10,$3213,4384218.0
2022-04-11,$2980,11179410.0
2022-04-12,$3027,7718797.0
2022-04-13,$3118,5608900.0
2022-04-14,$3020,4903835.0
2022-04-15,$3041,3999172.0
2022-04-16,$3061,3195941.0
2022-04-17,$2991,4066077.0
2022-04-18,$3058,7149685.0
2022-04-19,$3104,5098709.0
2022-04-20,$3077,5582648.0
2022-04-21,$2988,6817499.0
2022-04-22,$2966,5791361.0
2022-04-23,$2940,3874032.0
2022-04-24,$2922,-1.0
2022-04-25,$3008,6314996.0
2022-04-26,$2806,-336.0
2022-04-27,$2889,4968217.0
2022-04-28,$2937,5762131.0
2022-04-29,$2815,5400595.0
2022-04-30,$2789,4076656.0
2022-05-01,$2827,5542189.0
2022-05-02,$2857,7010191.0
2022-05-03,$2782,5413491.0
2022-05-04,$2941,7404030.0
2022-05-05,$2749,8747637.0
2022-05-06,$2696,8801298.0
2022-05-07,$2636,5170203.0
2022-05-08,$2513,8713054.0
2022-05-09,$2250,19176665.0
2022-05-10,$2342,18269123.0
2022-05-11,$2342,18269123.0
2022-05-12,$1966,38757936.0
2022-05-13,$2011,15658124.0
2022-05-14,$2057,7953180.0
2022-05-15,$2147,7180537.0
2022-05-16,$2022,7158255.0
2022-05-17,$2092,6369065.0
2022-05-18,$1914,9119082.0
2022-05-19,$2022,10839634.0
2022-05-20,$1962,8908967.0
2022-05-21,$1976,4547982.0
2022-05-22,$2046,5866144.0
2022-05-23,$1974,8581797.0
2022-05-24,$1979,7349633.0
2022-05-25,$1942,7825448.0
2022-05-26,$1805,14521727.0
2022-05-27,$1723,16698940.0
2022-05-28,$1794,8306556.0
2022-05-29,$1813,6418760.0
2022-05-30,$1997,12261832.0
2022-05-31,$1945,10096447.0
2022-06-01,$1823,12296188.0
2022-06-02,$1834,8621299.0
2022-06-03,$1775,9921063.0
2022-06-04,$1802,4776778.0
2022-06-05,$1805,4824433.0
2022-06-06,$1859,8534208.0
2022-06-07,$1815,13063743.0
2022-06-08,$1793,9778173.0
2022-06-09,$1789,6445768.0
2022-06-10,$1663,9841713.0
2022-06-11,$1529,12619518.0
2022-06-12,$1443,15469344.0
2022-06-13,$1205,31190546.0
2022-06-14,$1213,25368614.0
2022-06-15,$1235,30340355.0
2022-06-16,$1067,14493319.0
2022-06-17,$1086,11928289.0
2022-06-18,$1086,11928289.0
2022-06-19,$1086,11928289.0
2022-06-20,$1132,15307226.0
2022-06-21,$1125,11732550.0
2022-06-22,$1050,11743103.0
2022-06-23,$1145,11718291.0
2022-06-24,$1227,12861846.0
2022-06-25,$1244,9175220.0
2022-06-26,$1198,8603917.0
2022-06-27,$1193,9025577.0
2022-06-28,$1144,10145970.0
2022-06-29,$1098,12040048.0
2022-06-30,$1069,13909903.0
2022-07-01,$1058,13847900.0
2022-07-02,$1067,7871128.0
2022-07-03,$1074,7078462.0
2022-07-04,$1153,11230472.0
2022-07-05,$1134,12394119.0
2022-07-06,$1187,11848633.0
2022-07-07,$1239,10191686.0
2022-07-08,$1227,11114247.0
2022-07-09,$1218,6026015.0
2022-07-10,$1169,7967365.0
2022-07-11,$1097,8865780.0
2022-07-12,$1038,9694832.0
2022-07-13,$1114,15702006.0
2022-07-14,$1192,12968714.0
2022-07-15,$1233,12127947.0
2022-07-16,$1354,13540324.0
2022-07-17,$1337,9771918.0
2022-07-18,$1573,16832397.0
2022-07-19,$1543,15032662.0
2022-07-20,$1519,12416850.0
2022-07-21,$1576,11451929.0
2022-07-22,$1537,10150597.0
2022-07-23,$1550,8149680.0
2022-07-24,$1599,9168766.0
2022-07-25,$1443,11094508.0
2022-07-26,$1443,11177770.0
2022-07-27,$1639,13794370.0
2022-07-28,$1725,13969163.0
2022-07-29,$1725,11346215.0
2022-07-30,$1696,7628002.0
2022-07-31,$1681,7045598.0
2022-08-01,$1635,7938277.0
2022-08-02,$1633,10430149.0
2022-08-03,$1619,7882957.0
2022-08-04,$1610,7508808.0
2022-08-05,$1737,9999979.0
2022-08-06,$1691,5788902.0
2022-08-07,$1700,5259831.0
2022-08-08,$1775,8210784.0
2022-08-09,$1703,7710221.0
2022-08-10,$1857,11587919.0
2022-08-11,$1882,10367980.0
2022-08-12,$1959,7437392.0
2022-08-13,$1982,6942163.0
2022-08-14,$1937,6102440.0
2022-08-15,$1904,8877364.0
2022-08-16,$1879,6990081.0
2022-08-17,$1833,9189232.0
2022-08-18,$1847,6331850.0
2022-08-19,$1611,12118318.0
2022-08-20,$1577,9099181.0
2022-08-21,$1619,8044166.0
2022-08-22,$1624,9847963.0
2022-08-23,$1664,9297401.0
2022-08-24,$1657,8125084.0
2022-08-25,$1697,6947290.0
2022-08-26,$1506,13395775.0
2022-08-27,$1494,9790071.0
2022-08-28,$1428,6791418.0
2022-08-29,$1553,9934033.0
2022-08-30,$1521,11579704.0
2022-08-31,$1554,10831907.0
2022-09-01,$1585,9044356.0
2022-09-02,$1576,9568758.0
2022-09-03,$1555,5042644.0
2022-09-04,$1578,4575738.0
2022-09-05,$1619,6838857.0
2022-09-06,$1562,11987259.0
2022-09-07,$1628,11679900.0
2022-09-08,$1636,8904872.0
2022-09-09,$1719,9596606.0
2022-09-10,$1777,6047102.0
2022-09-11,$1764,5544201.0
2022-09-12,$1715,8159559.0
2022-09-13,$1574,11390366.0
2022-09-14,$1635,10590359.0
2022-09-15,$1469,14217337.0
2022-09-16,$1432,9455026.0
2022-09-17,$1471,6443278.0
2022-09-18,$1332,9298453.0
2022-09-19,$1379,12043609.0
2022-09-20,$1324,9192008.0
2022-09-21,$1253,12692171.0
2022-09-22,$1329,12458737.0
2022-09-23,$1326,12257643.0
2022-09-24,$1319,8074720.0
2022-09-25,$1295,7937469.0
2022-09-26,$1336,10623557.0
2022-09-27,$1330,11016023.0
2022-09-28,$1337,12767758.0
2022-09-29,$1336,9045822.0
2022-09-30,$1328,9261167.0
2022-10-01,$1311,4405165.0
2022-10-02,$1275,5420259.0
2022-10-03,$1324,9244569.0
2022-10-04,$1362,6840420.0
2022-10-05,$1353,6659540.0
2022-10-06,$1351,7762254.0
2022-10-07,$1332,6698584.0
2022-10-08,$1315,4265363.0
2022-10-09,$1323,4109028.0
2022-10-10,$1291,6270196.0
2022-10-11,$1279,6495631.0
2022-10-12,$1295,6130830.0
2022-10-13,$1288,12792225.0
2022-10-14,$1297,9206663.0
2022-10-15,$1274,5727473.0
2022-10-16,$1307,6363015.0
2022-10-17,$1332,6948799.0
2022-10-18,$1310,6935986.0
2022-10-19,$1285,5388266.0
2022-10-20,$1283,5918984.0
2022-10-21,$1300,6053649.0
2022-10-22,$1314,3703243.0
2022-10-23,$1364,5329959.0
2022-10-24,$1344,6674772.0
2022-10-25,$1462,14208830.0
2022-10-26,$1566,13803509.0
2022-10-27,$1514,10085940.0
2022-10-28,$1555,8717453.0
2022-10-29,$1619,8946453.0
2022-10-30,$1589,5833291.0
2022-10-31,$1573,8184068.0
2022-11-01,$1580,5643808.0
2022-11-02,$1520,9977915.0
2022-11-03,$1531,5296892.0
2022-11-04,$1645,8388155.0
2022-11-05,$1627,4109917.0
2022-11-06,$1572,4461183.0
2022-11-07,$1568,5979482.0
2022-11-08,$1332,18985828.0
2022-11-09,$1097,23426117.0
2022-11-10,$1300,17175149.0
2022-11-11,$1289,11611967.0
2022-11-12,$1254,5778245.0
2022-11-13,$1222,5623441.0
2022-11-14,$1242,8494391.0
2022-11-15,$1252,6206448.0
2022-11-16,$1216,6121585.0
2022-11-17,$1201,5146537.0
2022-11-18,$1212,4026515.0
2022-11-19,$1218,3027407.0
2022-11-20,$1142,5493805.0
2022-11-21,$1108,8319732.0
2022-11-22,$1136,6703562.0
2022-11-23,$1184,6620544.0
2022-11-24,$1203,5398503.0
2022-11-25,$1198,4867219.0
2022-11-26,$1205,4603920.0
2022-11-27,$1194,3844584.0
2022-11-28,$1169,5664631.0
2022-11-29,$1216,6339777.0
2022-11-30,$1294,7195491.0
2022-12-01,$1275,5597681.0
2022-12-02,$1294,4607415.0
2022-12-03,$1241,4619877.0
2022-12-04,$1280,3770968.0
2022-12-05,$1258,4334562.0
2022-12-06,$1272,3759520.0
2022-12-07,$1233,4617172.0
2022-12-08,$1281,4994801.0
2022-12-09,$1263,3991684.0
2022-12-10,$1265,2554900.0
2022-12-11,$1264,2671183.0
2022-12-12,$1275,3800097.0
2022-12-13,$1320,6374523.0
2022-12-14,$1308,5331402.0
2022-12-15,$1266,4251689.0
2022-12-16,$1165,6962771.0
2022-12-17,$1188,3740447.0
2022-12-18,$1185,2987773.0
2022-12-19,$1167,3911577.0
2022-12-20,$1217,5336372.0
2022-12-21,$1213,3128946.0
2022-12-22,$1217,4999726.0
2022-12-23,$1220,3807488.0
2022-12-24,$1221,2147075.0
2022-12-25,$1219,4327332.0
2022-12-26,$1227,2798452.0
2022-12-27,$1212,3464758.0
2022-12-28,$1190,4689021.0
2022-12-29,$1201,3266153.0
2022-12-30,$1199,3615489.0
2022-12-31,$1196,2569643.0
2023-01-01,$1200,2197809.0
2023-01-02,$1214,3464145.0
2023-01-03,$1214,2678224.0
2023-01-04,$1256,5411950.0
2023-01-05,$1251,2978517.0
2023-01-06,$1269,4033937.0
2023-01-07,$1264,2017571.0
2023-01-08,$1286,3079493.0
2023-01-09,$1321,5199488.0
2023-01-10,$1336,4006864.0
2023-01-11,$1389,4689611.0
2023-01-12,$1417,7985316.0
2023-01-13,$1450,4948284.0
2023-01-14,$1551,10320657.0
2023-01-15,$1551,4209273.0
2023-01-16,$1576,5122534.0
2023-01-17,$1568,4825965.0
2023-01-18,$1512,5797631.0
2023-01-19,$1552,3513357.0
2023-01-20,$1659,5131234.0
2023-01-21,$1627,4688280.0
2023-01-22,$1628,3756130.0
2023-01-23,$1628,3757783.0
2023-01-24,$1555,4339164.0
2023-01-25,$1614,5681888.0
2023-01-26,$1602,4257581.0
2023-01-27,$1597,4336848.0
2023-01-28,$1571,3053819.0
2023-01-29,$1647,4896822.0
2023-01-30,$1567,4779169.0
2023-01-31,$1587,3537418.0
2023-02-01,$1641,5045245.0
2023-02-02,$1643,5430416.0
2023-02-03,$1665,4259055.0
2023-02-04,$1666,3062591.0
2023-02-05,$1631,3592711.0
2023-02-06,$1615,3470381.0
2023-02-07,$1672,4097382.0
2023-02-08,$1651,3795244.0
2023-02-09,$1545,5194344.0
2023-02-10,$1515,4363383.0
2023-02-11,$1540,2750907.0
2023-02-12,$1513,2893055.0
2023-02-13,$1507,5136066.0
2023-02-14,$1556,4882449.0
2023-02-15,$1676,5685881.0
2023-02-16,$1638,6527613.0
2023-02-17,$1695,5124706.0
2023-02-18,$1692,2727481.0
2023-02-19,$1680,3475739.0
2023-02-20,$1702,3848928.0
2023-02-21,$1657,4609558.0
2023-02-22,$1644,4908141.0
2023-02-23,$1651,4903356.0
2023-02-24,$1609,4700680.0
2023-02-25,$1594,3207115.0
2023-02-26,$1641,3238317.0
2023-02-27,$1634,4122587.0
2023-02-28,$1604,3401227.0
2023-03-01,$1665,3999647.0
2023-03-02,$1647,3616648.0
2023-03-03,$1568,5101006.0
2023-03-04,$1568,2594443.0
2023-03-05,$1567,3013547.0
2023-03-06,$1568,3148395.0
2023-03-07,$1563,3904933.0
2023-03-08,$1535,3738289.0
2023-03-09,$1438,5554149.0
2023-03-10,$1426,8012891.0
2023-03-11,$1473,8402520.0
2023-03-12,$1577,7658053.0
2023-03-13,$1671,8585483.0
2023-03-14,$1700,8266411.0
2023-03-15,$1648,6359690.0
2023-03-16,$1674,4720717.0
2023-03-17,$1785,6346914.0
2023-03-18,$1757,4915157.0
2023-03-19,$1782,4525070.0
2023-03-20,$1731,5205124.0
2023-03-21,$1804,5298466.0
2023-03-22,$1735,7087745.0
2023-03-23,$1815,5044421.0
2023-03-24,$1749,6568939.0
2023-03-25,$1742,3609251.0
2023-03-26,$1775,3900724.0
2023-03-27,$1715,4961977.0
2023-03-28,$1773,5073050.0
2023-03-29,$1793,5126565.0
2023-03-30,$1792,5595966.0
2023-03-31,$1822,5257791.0
2023-04-01,$1821,2695596.0
2023-04-02,$1795,2954817.0
2023-04-03,$1810,5074182.0
2023-04-04,$1870,5331329.0
2023-04-05,$1909,6321259.0
2023-04-06,$1871,5492873.0
2023-04-07,$1865,5617203.0
2023-04-08,$1849,4016261.0
2023-04-09,$1859,4895812.0
2023-04-10,$1909,5552611.0
2023-04-11,$1891,5275516.0
2023-04-12,$1918,7126176.0
2023-04-13,$2011,5766323.0
2023-04-14,$2100,7716646.0
2023-04-15,$2092,3241915.0
2023-04-16,$2119,3345791.0
2023-04-17,$2074,4032978.0
2023-04-18,$2104,3683739.0
2023-04-19,$1937,5716192.0
2023-04-20,$1943,4679774.0
2023-04-21,$1849,5081631.0
2023-04-22,$1874,3001872.0
2023-04-23,$1862,2909546.0
2023-04-24,$1842,3828419.0
2023-04-25,$1867,3831853.0
2023-04-26,$1868,6304163.0
2023-04-27,$1909,6474373.0
2023-04-28,$1891,3378169.0
2023-04-29,$1906,2252791.0
2023-04-30,$1879,2920698.0
2023-05-01,$1831,3974486.0
2023-05-02,$1870,3505511.0
2023-05-03,$1904,3819682.0
2023-05-04,$1876,2983458.0
2023-05-05,$1992,4414276.0
2023-05-06,$1897,4370635.0
2023-05-07,$1875,3202012.0
2023-05-08,$1848,4647908.0
2023-05-09,$1847,2839353.0
2023-05-10,$1841,4554643.0
2023-05-11,$1796,4159366.0
2023-05-12,$1807,4389189.0
2023-05-13,$1796,2333375.0
2023-05-14,$1800,2305936.0
2023-05-15,$1817,3128335.0
2023-05-16,$1824,2604933.0
2023-05-17,$1821,2846033.0
2023-05-18,$1802,2426331.0
2023-05-19,$1802,2426331.0
2023-05-20,$1820,1346311.0
2023-05-21,$1805,1502007.0
2023-05-22,$1817,1971840.0
2023-05-23,$1854,2799525.0
2023-05-24,$1800,2961679.0
2023-05-25,$1806,2969088.0
2023-05-26,$1828,2306997.0
2023-05-27,$1830,1421687.0
2023-05-28,$1911,2616189.0
2023-05-29,$1893,2358784.0
2023-05-30,$1901,2076323.0
2023-05-31,$1874,2335900.0
2023-06-01,$1861,2299259.0
2023-06-02,$1906,2524676.0
2023-06-03,$1892,1511028.0
2023-06-04,$1890,1587823.0
2023-06-05,$1811,3856796.0
2023-06-06,$1884,3565930.0
2023-06-07,$1832,3113065.0
2023-06-08,$1846,1894012.0
2023-06-09,$1840,2314302.0
2023-06-10,$1752,4634253.0
2023-06-11,$1753,2040043.0
2023-06-12,$1742,2692916.0
2023-06-13,$1739,2709263.0
2023-06-14,$1651,3823856.0
2023-06-15,$1666,3435702.0
2023-06-16,$1718,3341777.0
2023-06-17,$1727,2321395.0
2023-06-18,$1720,1821342.0
2023-06-19,$1736,7056412.0
2023-06-20,$1792,9683587.0
2023-06-21,$1891,8338171.0
2023-06-22,$1873,4331261.0
2023-06-23,$1891,4639961.0
2023-06-24,$1876,2482544.0
2023-06-25,$1900,3267351.0
2023-06-26,$1859,10053459.0
2023-06-27,$1890,7733597.0
2023-06-28,$1828,6481340.0
2023-06-29,$1852,5642589.0
2023-06-30,$1933,22410761.0
2023-07-01,$1922,4768408.0
2023-07-02,$1937,7172074.0
2023-07-03,$1955,9422509.0
2023-07-04,$1936,4910517.0
2023-07-05,$1911,8786126.0
2023-07-06,$1853,9530557.0
2023-07-07,$1870,7477759.0
2023-07-08,$1863,2982605.0
2023-07-09,$1861,2742120.0
2023-07-10,$1880,5121877.0
2023-07-11,$1878,5696487.0
2023-07-12,$1872,14520529.0
2023-07-13,$2004,20589541.0
2023-07-14,$1937,12138088.0
2023-07-15,$1924,3025736.0
2023-07-16,$1917,3237221.0
2023-07-17,$1912,5377291.0
2023-07-18,$1897,4378341.0
2023-07-19,$1890,4256341.0
2023-07-20,$1891,2784752.0
2023-07-21,$1891,1771544.0
2023-07-22,$1862,1689187.0
2023-07-23,$1887,1788020.0
2023-07-24,$1849,2588424.0
2023-07-25,$1856,1683674.0
2023-07-26,$1871,2355563.0
2023-07-27,$1859,1634349.0
2023-07-28,$1873,1472088.0
2023-07-29,$1879,1043822.0
2023-07-30,$1861,1678357.0
2023-07-31,$1855,1824682.0
2023-08-01,$1870,3609492.0
2023-08-02,$1839,2856499.0
2023-08-03,$1835,2155777.0
2023-08-04,$1829,2172115.0
2023-08-05,$1835,1291359.0
2023-08-06,$1829,1297160.0
2023-08-07,$1828,2626344.0
2023-08-08,$1856,2672358.0
2023-08-09,$1854,2117310.0
2023-08-10,$1851,1670367.0
2023-08-11,$1847,1510955.0
2023-08-12,$1848,1010098.0
2023-08-13,$1839,1343133.0
2023-08-14,$1843,1843126.0
2023-08-15,$1827,1995193.0
2023-08-16,$1807,2207761.0
2023-08-17,$1684,6651665.0
2023-08-18,$1661,4338583.0
2023-08-19,$1671,2268676.0
2023-08-20,$1686,1922477.0
2023-08-21,$1669,2393871.0
2023-08-22,$1635,3485355.0
2023-08-23,$1679,3459963.0
2023-08-24,$1659,2328340.0
2023-08-25,$1654,2482340.0
2023-08-26,$1647,1075307.0
2023-08-27,$1658,1197135.0
2023-08-28,$1654,2324795.0
2023-08-29,$1729,5153485.0
2023-08-30,$1705,2209571.0
2023-08-31,$1646,3141086.0
2023-09-01,$1629,2914596.0
2023-09-02,$1636,1340716.0
2023-09-03,$1636,1415074.0
2023-09-04,$1630,1724388.0
2023-09-05,$1634,2013016.0
2023-09-06,$1633,2347327.0
2023-09-07,$1647,2272312.0
2023-09-08,$1636,2118379.0
2023-09-09,$1635,970636.0
2023-09-10,$1618,2080694.0
2023-09-11,$1551,3621418.0
2023-09-12,$1594,3127975.0
2023-09-13,$1608,2329232.0
2023-09-14,$1626,2536462.0
2023-09-15,$1642,1987292.0
2023-09-16,$1634,1297694.0
2023-09-17,$1622,1444594.0
2023-09-18,$1637,2751553.0
2023-09-19,$1643,2092986.0
2023-09-20,$1622,2458230.0
2023-09-21,$1584,2463206.0
2023-09-22,$1593,1540377.0
2023-09-23,$1593,1014179.0
2023-09-24,$1581,1437946.0
2023-09-25,$1589,2094562.0
2023-09-26,$1589,2094562.0
2023-09-27,$1598,2826218.0
2023-09-28,$1653,3346713.0
2023-09-29,$1668,2618090.0
2023-09-30,$1671,1501597.0
2023-10-01,$1734,2422457.0
2023-10-02,$1664,3772147.0
2023-10-03,$1656,2122555.0
2023-10-04,$1647,2464688.0
2023-10-05,$1612,2610642.0
2023-10-06,$1645,2576215.0
2023-10-07,$1634,1321713.0
2023-10-08,$1633,1725982.0
2023-10-09,$1580,3704961.0
2023-10-10,$1568,2936754.0
2023-10-11,$1565,2987194.0
2023-10-12,$1539,2890137.0
2023-10-13,$1552,2566418.0
2023-10-14,$1555,1348559.0
2023-10-15,$1557,1617961.0
2023-10-16,$1599,4658616.0
2023-10-17,$1565,3197664.0
2023-10-18,$1564,2848174.0
2023-10-19,$1567,3296072.0
2023-10-20,$1604,4361577.0
2023-10-21,$1629,2727458.0
2023-10-22,$1662,3318092.0
2023-10-23,$1765,7950324.0
2023-10-24,$1782,7972851.0
2023-10-25,$1787,4760740.0
2023-10-26,$1803,5895123.0
2023-10-27,$1780,3888035.0
2023-10-28,$1776,2242220.0
2023-10-29,$1795,2333059.0
2023-10-30,$1809,4058720.0
2023-10-31,$1816,3559544.0
2023-11-01,$1845,5836352.0
2023-11-02,$1800,4782560.0
2023-11-03,$1832,3977307.0
2023-11-04,$1856,2532722.0
2023-11-05,$1893,4536223.0
2023-11-06,$1899,4118328.0
2023-11-07,$1887,4576571.0
2023-11-08,$1890,3286175.0
2023-11-09,$2127,12778624.0
2023-11-10,$2078,6449945.0
2023-11-11,$2052,4494141.0
2023-11-12,$2044,3607694.0
2023-11-13,$2058,6411073.0
2023-11-14,$1979,5892735.0
2023-11-15,$2060,5769903.0
2023-11-16,$1962,6416227.0
2023-11-17,$1958,5564509.0
2023-11-18,$1962,3765633.0
2023-11-19,$2012,3673619.0
2023-11-20,$2022,5941237.0
2023-11-21,$1941,6299254.0
2023-11-22,$2064,6332312.0
2023-11-23,$2062,3584191.0
2023-11-24,$2080,5488392.0
2023-11-25,$2084,2290910.0
2023-11-26,$2063,3564865.0
2023-11-27,$2027,4719843.0
2023-11-28,$2048,4330003.0
2023-11-29,$2028,3687199.0
2023-11-30,$2052,3336126.0
2023-12-01,$2086,5048173.0
2023-12-02,$2165,4358440.0
2023-12-03,$2193,3700162.0
2023-12-04,$2243,6766372.0
2023-12-05,$2295,6668534.0
2023-12-06,$2295,6668534.0
2023-12-07,$2295,6668534.0
2023-12-08,$2358,5197510.0
2023-12-09,$2339,4466119.0
2023-12-10,$2351,3371415.0
2023-12-11,$2225,7365212.0
2023-12-12,$2204,4212502.0
2023-12-13,$2261,4754112.0
2023-12-14,$2316,4691563.0
2023-12-15,$2218,3798819.0
2023-12-16,$2228,2591272.0
2023-12-17,$2199,2822252.0
2023-12-18,$2217,4138151.0
2023-12-19,$2178,4232618.0
2023-12-20,$2199,5015274.0
2023-12-21,$2239,4989917.0
2023-12-22,$2325,6214553.0
2023-12-23,$2309,2957873.0
2023-12-24,$2265,3441321.0
2023-12-25,$2275,3269949.0
2023-12-26,$2231,4219377.0
2023-12-27,$2376,5719859.0
2023-12-28,$2345,5844369.0
2023-12-29,$2299,4853898.0
2023-12-30,$2298,2723408.0
2023-12-31,$2281,2685775.0
2024-01-01,$2350,3157474.0
2024-01-02,$2358,5907029.0
2024-01-03,$2210,9131142.0
2024-01-04,$2270,4269520.0
2024-01-05,$2266,4188991.0
2024-01-06,$2240,2327476.0
2024-01-07,$2221,2503959.0
2024-01-08,$2331,5427957.0
2024-01-09,$2342,5770539.0
2024-01-10,$2585,10833942.0
2024-01-11,$2621,7814513.0
2024-01-12,$2524,7864141.0
2024-01-13,$2577,4270178.0
2024-01-14,$2473,3288950.0
2024-01-15,$2515,3428320.0
2024-01-16,$2588,3904645.0
2024-01-17,$2530,3682552.0
2024-01-18,$2469,4240596.0
2024-01-19,$2491,4119893.0
2024-01-20,$2470,1977634.0
2024-01-21,$2455,1730108.0
2024-01-22,$2312,5103822.0
2024-01-23,$2243,6339832.0
2024-01-24,$2236,4103215.0
2024-01-25,$2219,3883877.0
2024-01-26,$2269,4123887.0
2024-01-27,$2267,2170888.0
2024-01-28,$2257,2980560.0
2024-01-29,$2315,3684780.0
2024-01-30,$2345,4055647.0
2024-01-31,$2284,4278131.0
2024-02-01,$2304,3662874.0
2024-02-02,$2308,2914027.0
2024-02-03,$2296,1920404.0
2024-02-04,$2290,2222920.0
2024-02-05,$2302,2915143.0
2024-02-06,$2373,3802676.0
2024-02-07,$2424,3797126.0
2024-02-08,$2420,3756436.0
2024-02-09,$2487,5022656.0
2024-02-10,$2501,2453377.0
2024-02-11,$2506,2717748.0
2024-02-12,$2659,4898939.0
2024-02-13,$2641,5136772.0
2024-02-14,$2776,4792460.0
2024-02-15,$2821,5316837.0
2024-02-16,$2803,4333674.0
2024-02-17,$2787,3076283.0
2024-02-18,$2874,3617550.0
2024-02-19,$2942,4798243.0
2024-02-20,$3014,6409349.0
2024-02-21,$2973,5932931.0
2024-02-22,$2971,5562024.0
2024-02-23,$2924,4018695.0
2024-02-24,$2992,2598123.0
2024-02-25,$3112,4181726.0
2024-02-26,$3177,5547724.0
2024-02-27,$3243,6225948.0
2024-02-28,$3380,9379212.0
2024-02-29,$3346,7814750.0
2024-03-01,$3434,4929610.0
2024-03-02,$3420,3457179.0
2024-03-03,$3488,3911886.0
2024-03-04,$3627,7298219.0
2024-03-05,$3558,11665779.0
2024-03-06,$3824,8459159.0
2024-03-07,$3867,5440128.0
2024-03-08,$3885,5849611.0
2024-03-09,$3907,2728471.0
2024-03-10,$3880,3569936.0
2024-03-11,$4067,6492840.0
2024-03-12,$3978,5983815.0
2024-03-13,$4006,4940452.0
2024-03-14,$3884,5748303.0
2024-03-15,$3737,8145361.0
2024-03-16,$3524,4953481.0
2024-03-17,$3645,5080870.0
2024-03-18,$3525,5241367.0
2024-03-19,$3160,8830574.0
2024-03-20,$3512,10308565.0
2024-03-21,$3491,5614661.0
2024-03-22,$3323,5184647.0
2024-03-23,$3335,3412094.0
2024-03-24,$3454,3217997.0
2024-03-25,$3588,4730016.0
2024-03-26,$3590,4474008.0
2024-03-27,$3505,4578990.0
2024-03-28,$3562,4036546.0
2024-03-29,$3511,3361943.0
2024-03-30,$3507,2527076.0
2024-03-31,$3648,2653333.0
2024-04-01,$3504,4249068.0
2024-04-02,$3275,5729456.0
2024-04-03,$3315,4220752.0
2024-04-04,$3327,3796563.0
2024-04-05,$3320,4020063.0
2024-04-06,$3356,2414072.0
2024-04-07,$3454,2633564.0
2024-04-08,$3695,4794109.0
2024-04-09,$3506,4465773.0
2024-04-10,$3543,4509418.0
2024-04-11,$3506,3574952.0
2024-04-12,$3242,5680677.0
2024-04-13,$3013,8310970.0
2024-04-14,$3153,7530369.0
2024-04-15,$3101,5961390.0
2024-04-16,$3082,5557389.0
2024-04-17,$2984,5093979.0
2024-04-18,$3064,4453302.0
2024-04-19,$3085,5675824.0
2024-04-20,$3155,2884086.0
2024-04-21,$3146,2603957.0
2024-04-22,$3200,3335845.0
2024-04-23,$3219,3040162.0
2024-04-24,$3140,3870535.0
2024-04-25,$3158,4045512.0
2024-04-26,$3131,3060537.0
2024-04-27,$3255,3473056.0
2024-04-28,$3263,3060974.0
2024-04-29,$3216,4256775.0
2024-04-30,$3019,5356524.0
2024-05-01,$2975,6182710.0
2024-05-02,$2988,3978419.0
2024-05-03,$3102,3834378.0
2024-05-04,$3117,2393509.0
2024-05-05,$3137,2523839.0
2024-05-06,$3065,3659129.0
2024-05-07,$3010,3356192.0
2024-05-08,$2975,3400624.0
2024-05-09,$3036,3190231.0
2024-05-10,$2910,3557434.0
2024-05-11,$2911,2033394.0
2024-05-12,$2931,1779023.0
2024-05-13,$2949,4009216.0
2024-05-14,$2883,3378666.0
2024-05-15,$3036,4040024.0
2024-05-16,$2945,3479264.0
2024-05-17,$3093,3835287.0
2024-05-18,$3122,2418310.0
2024-05-19,$3073,2265797.0
2024-05-20,$3659,8374605.0
2024-05-21,$3790,8156986.0
2024-05-22,$3740,5373014.0
2024-05-23,$3774,9691542.0
2024-05-24,$3728,4818159.0
2024-05-25,$3750,2231164.0
2024-05-26,$3827,3184442.0
2024-05-27,$3896,3999403.0
2024-05-28,$3843,4188891.0
2024-05-29,$3769,3756358.0
2024-05-30,$3748,3270787.0
2024-05-31,$3764,3256638.0
2024-06-01,$3815,1917442.0
2024-06-02,$3785,2357557.0
2024-06-03,$3767,2971019.0
2024-06-04,$3812,2850273.0
2024-06-05,$3865,3378570.0
2024-06-06,$3814,2941393.0
2024-06-07,$3680,3944713.0
2024-06-08,$3682,2108856.0
2024-06-09,$3706,1843180.0
2024-06-10,$3667,2389260.0
2024-06-11,$3499,4793934.0
2024-06-12,$3561,4278988.0
2024-06-13,$3470,3608395.0
2024-06-14,$3482,4025595.0
2024-06-15,$3567,3070611.0
2024-06-16,$3620,2400105.0
2024-06-17,$3512,3943422.0
2024-06-18,$3478,4701538.0
2024-06-19,$3563,3554186.0
2024-06-20,$3513,3582852.0
2024-06-21,$3518,3633470.0
2024-06-22,$3497,2018876.0
2024-06-23,$3424,2360989.0
2024-06-24,$3353,5901498.0
2024-06-25,$3395,3399005.0
2024-06-26,$3370,2903987.0
2024-06-27,$3449,2978844.0
2024-06-28,$3380,3168380.0
2024-06-29,$3378,1712632.0
2024-06-30,$3441,2159293.0
2024-07-01,$3443,3011586.0
2024-07-02,$3422,2370814.0
2024-07-03,$3297,4120489.0
2024-07-04,$3063,5351664.0
2024-07-05,$2982,8987477.0
2024-07-06,$3067,3286686.0
2024-07-07,$2931,2962212.0
2024-07-08,$3018,6366552.0
2024-07-09,$3064,4057999.0
2024-07-10,$3102,3834025.0
2024-07-11,$3100,3933346.0
2024-07-12,$3134,3372538.0
2024-07-13,$3176,2328135.0
2024-07-14,$3244,2770427.0
2024-07-15,$3488,4581555.0
2024-07-16,$3442,4860500.0
2024-07-17,$3389,3950293.0
2024-07-18,$3426,3606949.0
2024-07-19,$3504,4230457.0
2024-07-20,$3519,2482983.0
2024-07-21,$3535,3265692.0
2024-07-22,$3440,4426638.0
2024-07-23,$3482,5766988.0
2024-07-24,$3338,3743786.0
2024-07-25,$3175,6443198.0
2024-07-26,$3277,4033262.0
2024-07-27,$3250,3856032.0
2024-07-28,$3272,2301894.0
2024-07-29,$3321,4475110.0
2024-07-30,$3279,3407595.0
2024-07-31,$3234,3979817.0
2024-08-01,$3205,5296177.0
2024-08-02,$2988,5631011.0
2024-08-03,$2910,5084458.0
2024-08-04,$2686,6181329.0
2024-08-05,$2417,25146067.0
2024-08-06,$2457,8625854.0
2024-08-07,$2337,8196778.0
2024-08-08,$2683,8187385.0
2024-08-09,$2598,5622328.0
2024-08-10,$2607,3049120.0
2024-08-11,$2557,4269420.0
2024-08-12,$2724,6922696.0
2024-08-13,$2703,5058924.0
2024-08-14,$2663,4796735.0
2024-08-15,$2571,5106643.0
2024-08-16,$2593,4221494.0
2024-08-17,$2613,2180013.0
2024-08-18,$2615,2850932.0
2024-08-19,$2637,3672217.0
2024-08-20,$2574,4064312.0
2024-08-21,$2631,3918269.0
2024-08-22,$2623,3306474.0
2024-08-23,$2759,5137030.0
2024-08-24,$2768,3509292.0
2024-08-25,$2746,2760175.0
2024-08-26,$2681,3545408.0
2024-08-27,$2458,5278479.0
2024-08-28,$2528,6451659.0
2024-08-29,$2524,4594241.0
2024-08-30,$2527,5203609.0
2024-08-31,$2494,3048710.0
2024-09-01,$2430,4239473.0
2024-09-02,$2537,4434177.0
2024-09-03,$2430,4161227.0
2024-09-04,$2449,5451253.0
2024-09-05,$2367,4365303.0
2024-09-06,$2223,7957447.0
2024-09-07,$2274,3792103.0
2024-09-08,$2298,3559510.0
2024-09-09,$2359,5114924.0
2024-09-10,$2390,4101429.0
2024-09-11,$2342,4646453.0
2024-09-12,$2362,3945163.0
2024-09-13,$2441,4489143.0
2024-09-14,$2417,2834991.0
2024-09-15,$2320,3297651.0
2024-09-16,$2296,5475079.0
2024-09-17,$2341,5070850.0
2024-09-18,$2364,5629283.0
2024-09-19,$2465,5769472.0
2024-09-20,$2558,5667608.0
2024-09-21,$2613,3289958.0
2024-09-22,$2581,3828504.0
2024-09-23,$2649,5348709.0
2024-09-24,$2654,4691375.0
2024-09-25,$2579,4050810.0
2024-09-26,$2631,4784296.0
2024-09-27,$2696,4638227.0
2024-09-28,$2678,2996682.0
2024-09-29,$2659,3108543.0
2024-09-30,$2600,4837205.0
2024-10-01,$2452,7019471.0
2024-10-02,$2367,5736624.0
2024-10-03,$2349,5401767.0
2024-10-04,$2415,4608787.0
2024-10-05,$2415,2829457.0
2024-10-06,$2438,2856510.0
2024-10-07,$2423,5231880.0
2024-10-08,$2441,4306014.0
2024-10-09,$2369,4480567.0
2024-10-10,$2385,4605770.0
2024-10-11,$2437,3984064.0
2024-10-12,$2477,2897040.0
2024-10-13,$2468,2712511.0
2024-10-14,$2630,6115472.0
2024-10-15,$2604,6007456.0
2024-10-16,$2611,4751091.0
2024-10-17,$2603,4222201.0
2024-10-18,$2642,4834055.0
2024-10-19,$2650,2551679.0
2024-10-20,$2746,4114557.0
2024-10-21,$2668,4674637.0
2024-10-22,$2621,4289079.0
2024-10-23,$2526,5137402.0
2024-10-24,$2536,4667831.0
2024-10-25,$2431,6564988.0
2024-10-26,$2483,4147204.0
2024-10-27,$2509,3129492.0
2024-10-28,$2567,5500347.0
2024-10-29,$2638,6199092.0
2024-10-30,$2657,6276135.0
2024-10-31,$2519,5636524.0
2024-11-01,$2513,6052805.0
2024-11-02,$2491,3248089.0
2024-11-03,$2457,4890692.0
2024-11-04,$2397,5359355.0
2024-11-05,$2423,5301932.0
2024-11-06,$2721,12048236.0
2024-11-07,$2894,8928272.0
2024-11-08,$2960,7897306.0
2024-11-09,$3126,7026342.0
2024-11-10,$3189,10657281.0
2024-11-11,$3375,12443230.0
2024-11-12,$3252,11857165.0
2024-11-13,$3186,10915870.0
2024-11-14,$3057,7580287.0
2024-11-15,$3090,7098647.0
2024-11-16,$3132,6076003.0
2024-11-17,$3076,6257405.0
2024-11-18,$3204,8086136.0
2024-11-19,$3108,6735472.0
2024-11-20,$3068,6696243.0
2024-11-21,$3360,11148242.0
2024-11-22,$3325,7732972.0
2024-11-23,$3394,8344878.0
2024-11-24,$3360,5978245.0
2024-11-25,$3415,10197025.0
2024-11-26,$3327,7979560.0
2024-11-27,$3661,8926513.0
2024-11-28,$3579,6518798.0
2024-11-29,$3595,5673617.0
2024-11-30,$3705,6315315.0
2024-12-01,$3707,5557737.0
2024-12-02,$3643,9757992.0
2024-12-03,$3621,8016294.0
2024-12-04,$3834,10537481.0
2024-12-05,$3786,10837469.0
2024-12-06,$4004,9789629.0
2024-12-07,$3998,4746624.0
2024-12-08,$4011,4499980.0
2024-12-09,$3714,10249269.0
2024-12-10,$3626,10752106.0
2024-12-11,$3830,7106176.0
2024-12-12,$3882,7820865.0
2024-12-13,$3909,5777811.0
2024-12-14,$3869,4654262.0
2024-12-15,$3959,4004555.0
2024-12-16,$3988,7620697.0
2024-12-17,$3883,5665313.0
2024-12-18,$3622,7483912.0
2024-12-19,$3431,9888101.0
2024-12-20,$3472,12716706.0
2024-12-21,$3339,5954575.0
2024-12-22,$3277,4903611.0
2024-12-23,$3420,6534777.0
2024-12-24,$3497,4821327.0
2024-12-25,$3496,3869446.0
2024-12-26,$3335,4590993.0
2024-12-27,$3335,4895657.0
2024-12-28,$3404,2825249.0
2024-12-29,$3358,2619481.0
2024-12-30,$3364,4745476.0
2024-12-31,$3340,3846909.0
2025-01-01,$3360,2781769.0
2025-01-02,$3452,4111442.0
2025-01-03,$3606,4088765.0
2025-01-04,$3658,3012957.0
2025-01-05,$3636,2516771.0
2025-01-06,$3687,4151095.0
2025-01-07,$3381,5298829.0
2025-01-08,$3327,6006725.0
2025-01-09,$3219,5734022.0
2025-01-10,$3268,5291777.0
2025-01-11,$3283,2720890.0
2025-01-12,$3266,2689636.0
2025-01-13,$3136,8022290.0
2025-01-14,$3225,4762460.0
2025-01-15,$3448,5365420.0
2025-01-16,$3316,5091683.0
2025-01-17,$3475,5445269.0
2025-01-18,$3311,6471221.0
2025-01-19,$3211,10812825.0
2025-01-20,$3275,10777944.0
2025-01-21,$3325,5752466.0
2025-01-22,$3241,4192044.0
2025-01-23,$3337,6365140.0
2025-01-24,$3310,4927040.0
2025-01-25,$3319,2947126.0
2025-01-26,$3239,3148406.0
2025-01-27,$3176,7343414.0
2025-01-28,$3080,4059479.0
2025-01-29,$3112,4504788.0
2025-01-30,$3248,4084303.0
2025-01-31,$3297,5858111.0
2025-02-01,$3119,4042989.0
2025-02-02,$2863,8443275.0
2025-02-03,$2876,26048548.0
2025-02-04,$2737,10476249.0
2025-02-05,$2790,6781061.0
2025-02-06,$2688,6502442.0
2025-02-07,$2623,6928245.0
2025-02-08,$2633,4691800.0
2025-02-09,$2630,4598031.0
2025-02-10,$2659,4751255.0
2025-02-11,$2603,5204908.0
2025-02-12,$2735,6773836.0
2025-02-13,$2675,5001926.0
2025-02-14,$2724,4714559.0
2025-02-15,$2693,3081396.0
2025-02-16,$2661,3060141.0
2025-02-17,$2743,6224245.0
2025-02-18,$2670,6049403.0
2025-02-19,$2715,4284441.0
2025-02-20,$2740,4396258.0
2025-02-21,$2660,7821184.0
2025-02-22,$2763,4818140.0
2025-02-23,$2826,5436014.0
2025-02-24,$2511,7548010.0
2025-02-25,$2496,11387573.0
2025-02-26,$2329,8364975.0
2025-02-27,$2307,7711761.0
2025-02-28,$2236,11917140.0
2025-03-01,$2215,5673956.0
2025-03-02,$2516,11507861.0
2025-03-03,$2150,9194439.0
2025-03-04,$2172,11351043.0
2025-03-05,$2242,7484187.0
2025-03-06,$2203,6532994.0
2025-03-07,$2141,7750682.0
2025-03-08,$2201,4561708.0
2025-03-09,$2016,6055844.0
2025-03-10,$1875,12518348.0
2025-03-11,$1920,12045018.0
2025-03-12,$1909,9296187.0
2025-03-13,$1863,7971236.0
2025-03-14,$1910,5651160.0
2025-03-15,$1939,3683556.0
2025-03-16,$1888,4509310.0
2025-03-17,$1928,5695624.0
2025-03-18,$1933,4922415.0
2025-03-19,$2058,8064287.0
2025-03-20,$1983,5870977.0
2025-03-21,$1965,5870977.0
2025-03-22,$1980,3101650.0
2025-03-23,$2002,3610589.0
2025-03-24,$2076,5841328.0
2025-03-25,$2068,4805741.0
2025-03-26,$2009,5264187.0
2025-03-27,$2003,4923921.0
2025-03-28,$1897,7069235.0
2025-03-29,$1829,5243021.0
2025-03-30,$1806,4462414.0
2025-03-31,$1823,6647637.0
2025-04-01,$1906,6249280.0
2025-04-02,$1797,8638120.0
2025-04-03,$1817,6939249.0
2025-04-04,$1815,7398553.0
2025-04-05,$1808,3383522.0
2025-04-06,$1576,8937776.0
2025-04-07,$1556,19759778.0
2025-04-08,$1473,9487199.0
2025-04-09,$1665,18020203.0
2025-04-10,$1523,8425483.0
2025-04-11,$1569,6504809.0
2025-04-12,$1645,5647010.0
2025-04-13,$1598,6298483.0
2025-04-14,$1622,6793625.0
2025-04-15,$1588,5485671.0
2025-04-16,$1578,6487473.0
2025-04-17,$1600,6516043.0
2025-04-18,$1600,6516043.0
2025-04-19,$1615,3540229.0
2025-04-20,$1587,4090488.0
2025-04-21,$1579,7152430.0
2025-04-22,$1757,11023237.0
2025-04-23,$1795,9128461.0
2025-04-24,$1768,6161937.0
2025-04-25,$1787,7136697.0
