value,value_classification,timestamp,time_until_update,date
34,Fear,1743897600,51617,2025-04-06
30,Fear,1743811200,,2025-04-05
28,Fear,1743724800,,2025-04-04
25,Extreme Fear,1743638400,,2025-04-03
44,Fear,1743552000,,2025-04-02
34,Fear,1743465600,,2025-04-01
34,Fear,1743379200,,2025-03-31
32,Fear,1743292800,,2025-03-30
26,Fear,1743206400,,2025-03-29
44,Fear,1743120000,,2025-03-28
40,Fear,1743033600,,2025-03-27
47,Neutral,1742947200,,2025-03-26
46,Fear,1742860800,,2025-03-25
45,Fear,1742774400,,2025-03-24
30,Fear,1742688000,,2025-03-23
32,Fear,1742601600,,2025-03-22
31,Fear,1742515200,,2025-03-21
49,Neutral,1742428800,,2025-03-20
32,Fear,1742342400,,2025-03-19
34,Fear,1742256000,,2025-03-18
32,Fear,1742169600,,2025-03-17
30,Fear,1742083200,,2025-03-16
46,Fear,1741996800,,2025-03-15
27,Fear,1741910400,,2025-03-14
45,Fear,1741824000,,2025-03-13
34,Fear,1741737600,,2025-03-12
24,Extreme Fear,1741651200,,2025-03-11
20,Extreme Fear,1741564800,,2025-03-10
27,Fear,1741478400,,2025-03-09
28,Fear,1741392000,,2025-03-08
34,Fear,1741305600,,2025-03-07
25,Extreme Fear,1741219200,,2025-03-06
20,Extreme Fear,1741132800,,2025-03-05
15,Extreme Fear,1741046400,,2025-03-04
33,Fear,1740960000,,2025-03-03
26,Fear,1740873600,,2025-03-02
20,Extreme Fear,1740787200,,2025-03-01
16,Extreme Fear,1740700800,,2025-02-28
10,Extreme Fear,1740614400,,2025-02-27
21,Extreme Fear,1740528000,,2025-02-26
25,Extreme Fear,1740441600,,2025-02-25
49,Neutral,1740355200,,2025-02-24
50,Neutral,1740268800,,2025-02-23
49,Neutral,1740182400,,2025-02-22
55,Greed,1740096000,,2025-02-21
49,Neutral,1740009600,,2025-02-20
44,Fear,1739923200,,2025-02-19
47,Neutral,1739836800,,2025-02-18
51,Neutral,1739750400,,2025-02-17
54,Neutral,1739664000,,2025-02-16
50,Neutral,1739577600,,2025-02-15
48,Neutral,1739491200,,2025-02-14
50,Neutral,1739404800,,2025-02-13
46,Fear,1739318400,,2025-02-12
47,Neutral,1739232000,,2025-02-11
43,Fear,1739145600,,2025-02-10
46,Fear,1739059200,,2025-02-09
44,Fear,1738972800,,2025-02-08
44,Fear,1738886400,,2025-02-07
49,Neutral,1738800000,,2025-02-06
54,Neutral,1738713600,,2025-02-05
72,Greed,1738627200,,2025-02-04
44,Fear,1738540800,,2025-02-03
60,Greed,1738454400,,2025-02-02
68,Greed,1738368000,,2025-02-01
76,Extreme Greed,1738281600,,2025-01-31
70,Greed,1738195200,,2025-01-30
72,Greed,1738108800,,2025-01-29
72,Greed,1738022400,,2025-01-28
71,Greed,1737936000,,2025-01-27
73,Greed,1737849600,,2025-01-26
75,Greed,1737763200,,2025-01-25
75,Greed,1737676800,,2025-01-24
75,Greed,1737590400,,2025-01-23
84,Extreme Greed,1737504000,,2025-01-22
76,Extreme Greed,1737417600,,2025-01-21
76,Extreme Greed,1737331200,,2025-01-20
77,Extreme Greed,1737244800,,2025-01-19
77,Extreme Greed,1737158400,,2025-01-18
75,Greed,1737072000,,2025-01-17
75,Greed,1736985600,,2025-01-16
70,Greed,1736899200,,2025-01-15
63,Greed,1736812800,,2025-01-14
61,Greed,1736726400,,2025-01-13
62,Greed,1736640000,,2025-01-12
69,Greed,1736553600,,2025-01-11
50,Neutral,1736467200,,2025-01-10
69,Greed,1736380800,,2025-01-09
70,Greed,1736294400,,2025-01-08
78,Extreme Greed,1736208000,,2025-01-07
76,Extreme Greed,1736121600,,2025-01-06
72,Greed,1736035200,,2025-01-05
73,Greed,1735948800,,2025-01-04
74,Greed,1735862400,,2025-01-03
70,Greed,1735776000,,2025-01-02
66,Greed,1735689600,,2025-01-01
64,Greed,1735603200,,2024-12-31
65,Greed,1735516800,,2024-12-30
73,Greed,1735430400,,2024-12-29
72,Greed,1735344000,,2024-12-28
74,Greed,1735257600,,2024-12-27
79,Extreme Greed,1735171200,,2024-12-26
73,Greed,1735084800,,2024-12-25
73,Greed,1734998400,,2024-12-24
70,Greed,1734912000,,2024-12-23
73,Greed,1734825600,,2024-12-22
73,Greed,1734739200,,2024-12-21
74,Greed,1734652800,,2024-12-20
75,Greed,1734566400,,2024-12-19
81,Extreme Greed,1734480000,,2024-12-18
87,Extreme Greed,1734393600,,2024-12-17
83,Extreme Greed,1734307200,,2024-12-16
80,Extreme Greed,1734220800,,2024-12-15
83,Extreme Greed,1734134400,,2024-12-14
76,Extreme Greed,1734048000,,2024-12-13
83,Extreme Greed,1733961600,,2024-12-12
74,Greed,1733875200,,2024-12-11
78,Extreme Greed,1733788800,,2024-12-10
78,Extreme Greed,1733702400,,2024-12-09
79,Extreme Greed,1733616000,,2024-12-08
75,Greed,1733529600,,2024-12-07
72,Greed,1733443200,,2024-12-06
84,Extreme Greed,1733356800,,2024-12-05
78,Extreme Greed,1733270400,,2024-12-04
76,Extreme Greed,1733184000,,2024-12-03
80,Extreme Greed,1733097600,,2024-12-02
81,Extreme Greed,1733011200,,2024-12-01
84,Extreme Greed,1732924800,,2024-11-30
78,Extreme Greed,1732838400,,2024-11-29
77,Extreme Greed,1732752000,,2024-11-28
75,Greed,1732665600,,2024-11-27
79,Extreme Greed,1732579200,,2024-11-26
82,Extreme Greed,1732492800,,2024-11-25
80,Extreme Greed,1732406400,,2024-11-24
93,Extreme Greed,1732320000,,2024-11-23
94,Extreme Greed,1732233600,,2024-11-22
82,Extreme Greed,1732147200,,2024-11-21
83,Extreme Greed,1732060800,,2024-11-20
90,Extreme Greed,1731974400,,2024-11-19
83,Extreme Greed,1731888000,,2024-11-18
90,Extreme Greed,1731801600,,2024-11-17
86,Extreme Greed,1731715200,,2024-11-16
80,Extreme Greed,1731628800,,2024-11-15
88,Extreme Greed,1731542400,,2024-11-14
84,Extreme Greed,1731456000,,2024-11-13
80,Extreme Greed,1731369600,,2024-11-12
76,Extreme Greed,1731283200,,2024-11-11
78,Extreme Greed,1731196800,,2024-11-10
75,Greed,1731110400,,2024-11-09
75,Greed,1731024000,,2024-11-08
77,Extreme Greed,1730937600,,2024-11-07
70,Greed,1730851200,,2024-11-06
70,Greed,1730764800,,2024-11-05
70,Greed,1730678400,,2024-11-04
74,Greed,1730592000,,2024-11-03
72,Greed,1730505600,,2024-11-02
75,Greed,1730419200,,2024-11-01
77,Extreme Greed,1730332800,,2024-10-31
77,Extreme Greed,1730246400,,2024-10-30
72,Greed,1730160000,,2024-10-29
72,Greed,1730073600,,2024-10-28
74,Greed,1729987200,,2024-10-27
72,Greed,1729814400,,2024-10-25
69,Greed,1729728000,,2024-10-24
71,Greed,1729641600,,2024-10-23
70,Greed,1729555200,,2024-10-22
72,Greed,1729468800,,2024-10-21
73,Greed,1729382400,,2024-10-20
72,Greed,1729296000,,2024-10-19
73,Greed,1729209600,,2024-10-18
71,Greed,1729123200,,2024-10-17
73,Greed,1729036800,,2024-10-16
65,Greed,1728950400,,2024-10-15
48,Neutral,1728864000,,2024-10-14
50,Neutral,1728777600,,2024-10-13
49,Neutral,1728691200,,2024-10-12
32,Fear,1728604800,,2024-10-11
39,Fear,1728518400,,2024-10-10
49,Neutral,1728432000,,2024-10-09
49,Neutral,1728345600,,2024-10-08
50,Neutral,1728259200,,2024-10-07
50,Neutral,1728172800,,2024-10-06
49,Neutral,1728086400,,2024-10-05
41,Fear,1728000000,,2024-10-04
37,Fear,1727913600,,2024-10-03
42,Fear,1727827200,,2024-10-02
50,Neutral,1727740800,,2024-10-01
61,Greed,1727654400,,2024-09-30
63,Greed,1727568000,,2024-09-29
64,Greed,1727481600,,2024-09-28
61,Greed,1727395200,,2024-09-27
50,Neutral,1727308800,,2024-09-26
59,Greed,1727222400,,2024-09-25
54,Neutral,1727136000,,2024-09-24
50,Neutral,1727049600,,2024-09-23
52,Neutral,1726963200,,2024-09-22
54,Neutral,1726876800,,2024-09-21
54,Neutral,1726790400,,2024-09-20
49,Neutral,1726704000,,2024-09-19
45,Fear,1726617600,,2024-09-18
33,Fear,1726531200,,2024-09-17
39,Fear,1726444800,,2024-09-16
51,Neutral,1726358400,,2024-09-15
50,Neutral,1726272000,,2024-09-14
32,Fear,1726185600,,2024-09-13
31,Fear,1726099200,,2024-09-12
37,Fear,1726012800,,2024-09-11
33,Fear,1725926400,,2024-09-10
26,Fear,1725840000,,2024-09-09
29,Fear,1725753600,,2024-09-08
23,Extreme Fear,1725667200,,2024-09-07
22,Extreme Fear,1725580800,,2024-09-06
29,Fear,1725494400,,2024-09-05
27,Fear,1725408000,,2024-09-04
26,Fear,1725321600,,2024-09-03
26,Fear,1725235200,,2024-09-02
26,Fear,1725148800,,2024-09-01
29,Fear,1725062400,,2024-08-31
34,Fear,1724976000,,2024-08-30
29,Fear,1724889600,,2024-08-29
30,Fear,1724803200,,2024-08-28
48,Neutral,1724716800,,2024-08-27
55,Greed,1724630400,,2024-08-26
54,Neutral,1724544000,,2024-08-25
56,Greed,1724457600,,2024-08-24
34,Fear,1724371200,,2024-08-23
39,Fear,1724284800,,2024-08-22
26,Fear,1724198400,,2024-08-21
30,Fear,1724112000,,2024-08-20
28,Fear,1724025600,,2024-08-19
31,Fear,1723939200,,2024-08-18
25,Extreme Fear,1723852800,,2024-08-17
27,Fear,1723766400,,2024-08-16
29,Fear,1723680000,,2024-08-15
30,Fear,1723593600,,2024-08-14
31,Fear,1723507200,,2024-08-13
25,Extreme Fear,1723420800,,2024-08-12
39,Fear,1723334400,,2024-08-11
40,Fear,1723248000,,2024-08-10
48,Neutral,1723161600,,2024-08-09
20,Extreme Fear,1723075200,,2024-08-08
29,Fear,1722988800,,2024-08-07
17,Extreme Fear,1722902400,,2024-08-06
26,Fear,1722816000,,2024-08-05
34,Fear,1722729600,,2024-08-04
37,Fear,1722643200,,2024-08-03
57,Greed,1722556800,,2024-08-02
52,Neutral,1722470400,,2024-08-01
61,Greed,1722384000,,2024-07-31
67,Greed,1722297600,,2024-07-30
74,Greed,1722211200,,2024-07-29
71,Greed,1722124800,,2024-07-28
72,Greed,1722038400,,2024-07-27
68,Greed,1721952000,,2024-07-26
68,Greed,1721865600,,2024-07-25
69,Greed,1721779200,,2024-07-24
71,Greed,1721692800,,2024-07-23
70,Greed,1721606400,,2024-07-22
74,Greed,1721520000,,2024-07-21
74,Greed,1721433600,,2024-07-20
60,Greed,1721347200,,2024-07-19
61,Greed,1721260800,,2024-07-18
69,Greed,1721174400,,2024-07-17
65,Greed,1721088000,,2024-07-16
52,Neutral,1721001600,,2024-07-15
33,Fear,1720915200,,2024-07-14
25,Extreme Fear,1720828800,,2024-07-13
25,Extreme Fear,1720742400,,2024-07-12
29,Fear,1720656000,,2024-07-11
28,Fear,1720569600,,2024-07-10
27,Fear,1720483200,,2024-07-09
28,Fear,1720396800,,2024-07-08
29,Fear,1720310400,,2024-07-07
26,Fear,1720224000,,2024-07-06
29,Fear,1720137600,,2024-07-05
44,Fear,1720051200,,2024-07-04
50,Neutral,1719964800,,2024-07-03
51,Neutral,1719878400,,2024-07-02
53,Neutral,1719792000,,2024-07-01
47,Neutral,1719705600,,2024-06-30
30,Fear,1719619200,,2024-06-29
47,Neutral,1719532800,,2024-06-28
40,Fear,1719446400,,2024-06-27
46,Fear,1719360000,,2024-06-26
30,Fear,1719273600,,2024-06-25
51,Neutral,1719187200,,2024-06-24
55,Greed,1719100800,,2024-06-23
53,Neutral,1719014400,,2024-06-22
63,Greed,1718928000,,2024-06-21
60,Greed,1718841600,,2024-06-20
64,Greed,1718755200,,2024-06-19
74,Greed,1718668800,,2024-06-18
71,Greed,1718582400,,2024-06-17
71,Greed,1718496000,,2024-06-16
74,Greed,1718409600,,2024-06-15
74,Greed,1718323200,,2024-06-14
70,Greed,1718236800,,2024-06-13
72,Greed,1718150400,,2024-06-12
74,Greed,1718064000,,2024-06-11
72,Greed,1717977600,,2024-06-10
75,Greed,1717891200,,2024-06-09
72,Greed,1717804800,,2024-06-08
77,Extreme Greed,1717718400,,2024-06-07
78,Extreme Greed,1717632000,,2024-06-06
75,Greed,1717545600,,2024-06-05
73,Greed,1717459200,,2024-06-04
73,Greed,1717372800,,2024-06-03
73,Greed,1717286400,,2024-06-02
72,Greed,1717200000,,2024-06-01
73,Greed,1717113600,,2024-05-31
73,Greed,1717027200,,2024-05-30
72,Greed,1716940800,,2024-05-29
72,Greed,1716854400,,2024-05-28
74,Greed,1716768000,,2024-05-27
75,Greed,1716681600,,2024-05-26
76,Extreme Greed,1716595200,,2024-05-25
74,Greed,1716508800,,2024-05-24
76,Extreme Greed,1716422400,,2024-05-23
76,Extreme Greed,1716336000,,2024-05-22
76,Extreme Greed,1716249600,,2024-05-21
70,Greed,1716163200,,2024-05-20
72,Greed,1716076800,,2024-05-19
73,Greed,1715990400,,2024-05-18
74,Greed,1715904000,,2024-05-17
70,Greed,1715817600,,2024-05-16
64,Greed,1715731200,,2024-05-15
66,Greed,1715644800,,2024-05-14
57,Greed,1715558400,,2024-05-13
56,Greed,1715472000,,2024-05-12
53,Neutral,1715385600,,2024-05-11
66,Greed,1715299200,,2024-05-10
55,Greed,1715212800,,2024-05-09
64,Greed,1715126400,,2024-05-08
68,Greed,1715040000,,2024-05-07
71,Greed,1714953600,,2024-05-06
69,Greed,1714867200,,2024-05-05
67,Greed,1714780800,,2024-05-04
48,Neutral,1714694400,,2024-05-03
43,Fear,1714608000,,2024-05-02
54,Neutral,1714521600,,2024-05-01
67,Greed,1714435200,,2024-04-30
67,Greed,1714348800,,2024-04-29
65,Greed,1714262400,,2024-04-28
67,Greed,1714176000,,2024-04-27
70,Greed,1714089600,,2024-04-26
72,Greed,1714003200,,2024-04-25
72,Greed,1713916800,,2024-04-24
71,Greed,1713830400,,2024-04-23
73,Greed,1713744000,,2024-04-22
72,Greed,1713657600,,2024-04-21
66,Greed,1713571200,,2024-04-20
66,Greed,1713484800,,2024-04-19
57,Greed,1713398400,,2024-04-18
67,Greed,1713312000,,2024-04-17
65,Greed,1713225600,,2024-04-16
74,Greed,1713139200,,2024-04-15
72,Greed,1713052800,,2024-04-14
72,Greed,1712966400,,2024-04-13
79,Extreme Greed,1712880000,,2024-04-12
76,Extreme Greed,1712793600,,2024-04-11
78,Extreme Greed,1712707200,,2024-04-10
80,Extreme Greed,1712620800,,2024-04-09
76,Extreme Greed,1712534400,,2024-04-08
78,Extreme Greed,1712448000,,2024-04-07
75,Greed,1712361600,,2024-04-06
79,Extreme Greed,1712275200,,2024-04-05
70,Greed,1712188800,,2024-04-04
71,Greed,1712102400,,2024-04-03
79,Extreme Greed,1712016000,,2024-04-02
79,Extreme Greed,1711929600,,2024-04-01
75,Greed,1711843200,,2024-03-31
75,Greed,1711756800,,2024-03-30
79,Extreme Greed,1711670400,,2024-03-29
80,Extreme Greed,1711584000,,2024-03-28
83,Extreme Greed,1711497600,,2024-03-27
81,Extreme Greed,1711411200,,2024-03-26
75,Greed,1711324800,,2024-03-25
74,Greed,1711238400,,2024-03-24
73,Greed,1711152000,,2024-03-23
75,Greed,1711065600,,2024-03-22
78,Extreme Greed,1710979200,,2024-03-21
74,Greed,1710892800,,2024-03-20
79,Extreme Greed,1710806400,,2024-03-19
77,Extreme Greed,1710720000,,2024-03-18
79,Extreme Greed,1710633600,,2024-03-17
81,Extreme Greed,1710547200,,2024-03-16
83,Extreme Greed,1710460800,,2024-03-15
88,Extreme Greed,1710374400,,2024-03-14
81,Extreme Greed,1710288000,,2024-03-13
81,Extreme Greed,1710201600,,2024-03-12
82,Extreme Greed,1710115200,,2024-03-11
79,Extreme Greed,1710028800,,2024-03-10
84,Extreme Greed,1709942400,,2024-03-09
81,Extreme Greed,1709856000,,2024-03-08
82,Extreme Greed,1709769600,,2024-03-07
75,Greed,1709683200,,2024-03-06
90,Extreme Greed,1709596800,,2024-03-05
82,Extreme Greed,1709510400,,2024-03-04
83,Extreme Greed,1709424000,,2024-03-03
80,Extreme Greed,1709337600,,2024-03-02
80,Extreme Greed,1709251200,,2024-03-01
80,Extreme Greed,1709164800,,2024-02-29
82,Extreme Greed,1709078400,,2024-02-28
79,Extreme Greed,1708992000,,2024-02-27
72,Greed,1708905600,,2024-02-26
74,Greed,1708819200,,2024-02-25
72,Greed,1708732800,,2024-02-24
76,Extreme Greed,1708646400,,2024-02-23
74,Greed,1708560000,,2024-02-22
78,Extreme Greed,1708473600,,2024-02-21
72,Greed,1708387200,,2024-02-20
75,Greed,1708300800,,2024-02-19
72,Greed,1708214400,,2024-02-18
76,Extreme Greed,1708128000,,2024-02-17
72,Greed,1708041600,,2024-02-16
72,Greed,1707955200,,2024-02-15
74,Greed,1707868800,,2024-02-14
79,Extreme Greed,1707782400,,2024-02-13
70,Greed,1707696000,,2024-02-12
71,Greed,1707609600,,2024-02-11
74,Greed,1707523200,,2024-02-10
72,Greed,1707436800,,2024-02-09
66,Greed,1707350400,,2024-02-08
62,Greed,1707264000,,2024-02-07
64,Greed,1707177600,,2024-02-06
60,Greed,1707091200,,2024-02-05
60,Greed,1707004800,,2024-02-04
60,Greed,1706918400,,2024-02-03
63,Greed,1706832000,,2024-02-02
63,Greed,1706745600,,2024-02-01
60,Greed,1706659200,,2024-01-31
61,Greed,1706572800,,2024-01-30
55,Greed,1706486400,,2024-01-29
54,Neutral,1706400000,,2024-01-28
55,Greed,1706313600,,2024-01-27
49,Neutral,1706227200,,2024-01-26
52,Neutral,1706140800,,2024-01-25
48,Neutral,1706054400,,2024-01-24
50,Neutral,1705968000,,2024-01-23
55,Greed,1705881600,,2024-01-22
56,Greed,1705795200,,2024-01-21
52,Neutral,1705708800,,2024-01-20
51,Neutral,1705622400,,2024-01-19
63,Greed,1705536000,,2024-01-18
60,Greed,1705449600,,2024-01-17
64,Greed,1705363200,,2024-01-16
52,Neutral,1705276800,,2024-01-15
60,Greed,1705190400,,2024-01-14
64,Greed,1705104000,,2024-01-13
71,Greed,1705017600,,2024-01-12
76,Extreme Greed,1704931200,,2024-01-11
73,Greed,1704844800,,2024-01-10
76,Extreme Greed,1704758400,,2024-01-09
71,Greed,1704672000,,2024-01-08
71,Greed,1704585600,,2024-01-07
70,Greed,1704499200,,2024-01-06
72,Greed,1704412800,,2024-01-05
68,Greed,1704326400,,2024-01-04
70,Greed,1704240000,,2024-01-03
71,Greed,1704153600,,2024-01-02
65,Greed,1704067200,,2024-01-01
67,Greed,1703980800,,2023-12-31
68,Greed,1703894400,,2023-12-30
65,Greed,1703808000,,2023-12-29
73,Greed,1703721600,,2023-12-28
73,Greed,1703635200,,2023-12-27
71,Greed,1703548800,,2023-12-26
73,Greed,1703462400,,2023-12-25
71,Greed,1703376000,,2023-12-24
70,Greed,1703289600,,2023-12-23
74,Greed,1703203200,,2023-12-22
70,Greed,1703116800,,2023-12-21
74,Greed,1703030400,,2023-12-20
73,Greed,1702944000,,2023-12-19
65,Greed,1702857600,,2023-12-18
73,Greed,1702771200,,2023-12-17
67,Greed,1702684800,,2023-12-16
70,Greed,1702598400,,2023-12-15
72,Greed,1702512000,,2023-12-14
65,Greed,1702425600,,2023-12-13
67,Greed,1702339200,,2023-12-12
74,Greed,1702252800,,2023-12-11
74,Greed,1702166400,,2023-12-10
73,Greed,1702080000,,2023-12-09
72,Greed,1701993600,,2023-12-08
72,Greed,1701907200,,2023-12-07
72,Greed,1701820800,,2023-12-06
75,Greed,1701734400,,2023-12-05
74,Greed,1701648000,,2023-12-04
73,Greed,1701561600,,2023-12-03
74,Greed,1701475200,,2023-12-02
71,Greed,1701388800,,2023-12-01
74,Greed,1701302400,,2023-11-30
72,Greed,1701216000,,2023-11-29
68,Greed,1701129600,,2023-11-28
66,Greed,1701043200,,2023-11-27
73,Greed,1700956800,,2023-11-26
73,Greed,1700870400,,2023-11-25
66,Greed,1700784000,,2023-11-24
66,Greed,1700697600,,2023-11-23
62,Greed,1700611200,,2023-11-22
71,Greed,1700524800,,2023-11-21
69,Greed,1700438400,,2023-11-20
66,Greed,1700352000,,2023-11-19
69,Greed,1700265600,,2023-11-18
63,Greed,1700179200,,2023-11-17
70,Greed,1700092800,,2023-11-16
60,Greed,1700006400,,2023-11-15
69,Greed,1699920000,,2023-11-14
72,Greed,1699833600,,2023-11-13
73,Greed,1699747200,,2023-11-12
70,Greed,1699660800,,2023-11-11
70,Greed,1699574400,,2023-11-10
69,Greed,1699488000,,2023-11-09
66,Greed,1699401600,,2023-11-08
68,Greed,1699315200,,2023-11-07
74,Greed,1699228800,,2023-11-06
70,Greed,1699142400,,2023-11-05
68,Greed,1699056000,,2023-11-04
65,Greed,1698969600,,2023-11-03
72,Greed,1698883200,,2023-11-02
66,Greed,1698796800,,2023-11-01
66,Greed,1698710400,,2023-10-31
68,Greed,1698624000,,2023-10-30
72,Greed,1698537600,,2023-10-29
65,Greed,1698451200,,2023-10-28
70,Greed,1698364800,,2023-10-27
71,Greed,1698278400,,2023-10-26
72,Greed,1698192000,,2023-10-25
66,Greed,1698105600,,2023-10-24
53,Neutral,1698019200,,2023-10-23
53,Neutral,1697932800,,2023-10-22
63,Greed,1697846400,,2023-10-21
53,Neutral,1697760000,,2023-10-20
52,Neutral,1697673600,,2023-10-19
50,Neutral,1697587200,,2023-10-18
52,Neutral,1697500800,,2023-10-17
47,Neutral,1697414400,,2023-10-16
45,Fear,1697328000,,2023-10-15
47,Neutral,1697241600,,2023-10-14
44,Fear,1697155200,,2023-10-13
45,Fear,1697068800,,2023-10-12
47,Neutral,1696982400,,2023-10-11
50,Neutral,1696896000,,2023-10-10
50,Neutral,1696809600,,2023-10-09
50,Neutral,1696723200,,2023-10-08
49,Neutral,1696636800,,2023-10-07
50,Neutral,1696550400,,2023-10-06
48,Neutral,1696464000,,2023-10-05
49,Neutral,1696377600,,2023-10-04
50,Neutral,1696291200,,2023-10-03
50,Neutral,1696204800,,2023-10-02
48,Neutral,1696118400,,2023-10-01
47,Neutral,1696032000,,2023-09-30
48,Neutral,1695945600,,2023-09-29
46,Fear,1695859200,,2023-09-28
44,Fear,1695772800,,2023-09-27
46,Fear,1695686400,,2023-09-26
47,Neutral,1695600000,,2023-09-25
44,Fear,1695513600,,2023-09-24
47,Neutral,1695427200,,2023-09-23
43,Fear,1695340800,,2023-09-22
47,Neutral,1695254400,,2023-09-21
47,Neutral,1695168000,,2023-09-20
46,Fear,1695081600,,2023-09-19
46,Fear,1694995200,,2023-09-18
46,Fear,1694908800,,2023-09-17
43,Fear,1694822400,,2023-09-16
45,Fear,1694736000,,2023-09-15
45,Fear,1694649600,,2023-09-14
41,Fear,1694563200,,2023-09-13
30,Fear,1694476800,,2023-09-12
40,Fear,1694390400,,2023-09-11
40,Fear,1694304000,,2023-09-10
41,Fear,1694217600,,2023-09-09
46,Fear,1694131200,,2023-09-08
41,Fear,1694044800,,2023-09-07
42,Fear,1693958400,,2023-09-06
40,Fear,1693872000,,2023-09-05
40,Fear,1693785600,,2023-09-04
40,Fear,1693699200,,2023-09-03
39,Fear,1693612800,,2023-09-02
40,Fear,1693526400,,2023-09-01
52,Neutral,1693440000,,2023-08-31
49,Neutral,1693353600,,2023-08-30
39,Fear,1693267200,,2023-08-29
39,Fear,1693180800,,2023-08-28
38,Fear,1693094400,,2023-08-27
38,Fear,1693008000,,2023-08-26
39,Fear,1692921600,,2023-08-25
41,Fear,1692835200,,2023-08-24
37,Fear,1692748800,,2023-08-23
37,Fear,1692662400,,2023-08-22
38,Fear,1692576000,,2023-08-21
37,Fear,1692489600,,2023-08-20
39,Fear,1692403200,,2023-08-19
37,Fear,1692316800,,2023-08-18
50,Neutral,1692230400,,2023-08-17
52,Neutral,1692144000,,2023-08-16
53,Neutral,1692057600,,2023-08-15
50,Neutral,1691971200,,2023-08-14
54,Neutral,1691884800,,2023-08-13
54,Neutral,1691798400,,2023-08-12
51,Neutral,1691712000,,2023-08-11
53,Neutral,1691625600,,2023-08-10
50,Neutral,1691539200,,2023-08-09
54,Neutral,1691452800,,2023-08-08
49,Neutral,1691366400,,2023-08-07
49,Neutral,1691280000,,2023-08-06
50,Neutral,1691193600,,2023-08-05
54,Neutral,1691107200,,2023-08-04
52,Neutral,1691020800,,2023-08-03
53,Neutral,1690934400,,2023-08-02
53,Neutral,1690848000,,2023-08-01
50,Neutral,1690761600,,2023-07-31
52,Neutral,1690675200,,2023-07-30
52,Neutral,1690588800,,2023-07-29
52,Neutral,1690502400,,2023-07-28
51,Neutral,1690416000,,2023-07-27
51,Neutral,1690329600,,2023-07-26
50,Neutral,1690243200,,2023-07-25
55,Greed,1690156800,,2023-07-24
54,Neutral,1690070400,,2023-07-23
52,Neutral,1689984000,,2023-07-22
50,Neutral,1689897600,,2023-07-21
56,Greed,1689811200,,2023-07-20
50,Neutral,1689724800,,2023-07-19
56,Greed,1689638400,,2023-07-18
54,Neutral,1689552000,,2023-07-17
57,Greed,1689465600,,2023-07-16
56,Greed,1689379200,,2023-07-15
60,Greed,1689292800,,2023-07-14
57,Greed,1689206400,,2023-07-13
64,Greed,1689120000,,2023-07-12
57,Greed,1689033600,,2023-07-11
56,Greed,1688947200,,2023-07-10
55,Greed,1688860800,,2023-07-09
58,Greed,1688774400,,2023-07-08
55,Greed,1688688000,,2023-07-07
56,Greed,1688601600,,2023-07-06
61,Greed,1688515200,,2023-07-05
64,Greed,1688428800,,2023-07-04
62,Greed,1688342400,,2023-07-03
63,Greed,1688256000,,2023-07-02
59,Greed,1688169600,,2023-07-01
56,Greed,1688083200,,2023-06-30
54,Neutral,1687996800,,2023-06-29
62,Greed,1687910400,,2023-06-28
59,Greed,1687824000,,2023-06-27
55,Greed,1687737600,,2023-06-26
64,Greed,1687651200,,2023-06-25
62,Greed,1687564800,,2023-06-24
65,Greed,1687478400,,2023-06-23
65,Greed,1687392000,,2023-06-22
59,Greed,1687305600,,2023-06-21
49,Neutral,1687219200,,2023-06-20
47,Neutral,1687132800,,2023-06-19
49,Neutral,1687046400,,2023-06-18
47,Neutral,1686960000,,2023-06-17
47,Neutral,1686873600,,2023-06-16
41,Fear,1686787200,,2023-06-15
46,Fear,1686700800,,2023-06-14
45,Fear,1686614400,,2023-06-13
47,Neutral,1686528000,,2023-06-12
47,Neutral,1686441600,,2023-06-11
49,Neutral,1686355200,,2023-06-10
50,Neutral,1686268800,,2023-06-09
50,Neutral,1686182400,,2023-06-08
53,Neutral,1686096000,,2023-06-07
44,Fear,1686009600,,2023-06-06
53,Neutral,1685923200,,2023-06-05
52,Neutral,1685836800,,2023-06-04
53,Neutral,1685750400,,2023-06-03
50,Neutral,1685664000,,2023-06-02
52,Neutral,1685577600,,2023-06-01
51,Neutral,1685491200,,2023-05-31
51,Neutral,1685404800,,2023-05-30
52,Neutral,1685318400,,2023-05-29
50,Neutral,1685232000,,2023-05-28
48,Neutral,1685145600,,2023-05-27
49,Neutral,1685059200,,2023-05-26
51,Neutral,1684972800,,2023-05-25
50,Neutral,1684886400,,2023-05-24
50,Neutral,1684800000,,2023-05-23
49,Neutral,1684713600,,2023-05-22
52,Neutral,1684627200,,2023-05-21
48,Neutral,1684540800,,2023-05-20
48,Neutral,1684454400,,2023-05-19
51,Neutral,1684368000,,2023-05-18
50,Neutral,1684281600,,2023-05-17
54,Neutral,1684195200,,2023-05-16
50,Neutral,1684108800,,2023-05-15
48,Neutral,1684022400,,2023-05-14
48,Neutral,1683936000,,2023-05-13
49,Neutral,1683849600,,2023-05-12
52,Neutral,1683763200,,2023-05-11
52,Neutral,1683676800,,2023-05-10
51,Neutral,1683590400,,2023-05-09
60,Greed,1683504000,,2023-05-08
64,Greed,1683417600,,2023-05-07
60,Greed,1683331200,,2023-05-06
61,Greed,1683244800,,2023-05-05
64,Greed,1683158400,,2023-05-04
64,Greed,1683072000,,2023-05-03
55,Greed,1682985600,,2023-05-02
63,Greed,1682899200,,2023-05-01
60,Greed,1682812800,,2023-04-30
64,Greed,1682726400,,2023-04-29
64,Greed,1682640000,,2023-04-28
59,Greed,1682553600,,2023-04-27
56,Greed,1682467200,,2023-04-26
53,Neutral,1682380800,,2023-04-25
53,Neutral,1682294400,,2023-04-24
56,Greed,1682208000,,2023-04-23
53,Neutral,1682121600,,2023-04-22
50,Neutral,1682035200,,2023-04-21
52,Neutral,1681948800,,2023-04-20
63,Greed,1681862400,,2023-04-19
58,Greed,1681776000,,2023-04-18
69,Greed,1681689600,,2023-04-17
68,Greed,1681603200,,2023-04-16
68,Greed,1681516800,,2023-04-15
68,Greed,1681430400,,2023-04-14
61,Greed,1681344000,,2023-04-13
65,Greed,1681257600,,2023-04-12
68,Greed,1681171200,,2023-04-11
62,Greed,1681084800,,2023-04-10
61,Greed,1680998400,,2023-04-09
61,Greed,1680912000,,2023-04-08
64,Greed,1680825600,,2023-04-07
63,Greed,1680739200,,2023-04-06
62,Greed,1680652800,,2023-04-05
62,Greed,1680566400,,2023-04-04
63,Greed,1680480000,,2023-04-03
63,Greed,1680393600,,2023-04-02
61,Greed,1680307200,,2023-04-01
63,Greed,1680220800,,2023-03-31
60,Greed,1680134400,,2023-03-30
57,Greed,1680048000,,2023-03-29
59,Greed,1679961600,,2023-03-28
64,Greed,1679875200,,2023-03-27
64,Greed,1679788800,,2023-03-26
64,Greed,1679702400,,2023-03-25
61,Greed,1679616000,,2023-03-24
57,Greed,1679529600,,2023-03-23
62,Greed,1679443200,,2023-03-22
68,Greed,1679356800,,2023-03-21
66,Greed,1679270400,,2023-03-20
63,Greed,1679184000,,2023-03-19
64,Greed,1679097600,,2023-03-18
51,Neutral,1679011200,,2023-03-17
52,Neutral,1678924800,,2023-03-16
50,Neutral,1678838400,,2023-03-15
56,Greed,1678752000,,2023-03-14
49,Neutral,1678665600,,2023-03-13
33,Fear,1678579200,,2023-03-12
33,Fear,1678492800,,2023-03-11
34,Fear,1678406400,,2023-03-10
44,Fear,1678320000,,2023-03-09
50,Neutral,1678233600,,2023-03-08
49,Neutral,1678147200,,2023-03-07
48,Neutral,1678060800,,2023-03-06
47,Neutral,1677974400,,2023-03-05
50,Neutral,1677888000,,2023-03-04
50,Neutral,1677801600,,2023-03-03
51,Neutral,1677715200,,2023-03-02
50,Neutral,1677628800,,2023-03-01
53,Neutral,1677542400,,2023-02-28
50,Neutral,1677456000,,2023-02-27
51,Neutral,1677369600,,2023-02-26
52,Neutral,1677283200,,2023-02-25
53,Neutral,1677196800,,2023-02-24
56,Greed,1677110400,,2023-02-23
59,Greed,1677024000,,2023-02-22
60,Greed,1676937600,,2023-02-21
58,Greed,1676851200,,2023-02-20
60,Greed,1676764800,,2023-02-19
60,Greed,1676678400,,2023-02-18
61,Greed,1676592000,,2023-02-17
62,Greed,1676505600,,2023-02-16
53,Neutral,1676419200,,2023-02-15
50,Neutral,1676332800,,2023-02-14
48,Neutral,1676246400,,2023-02-13
50,Neutral,1676160000,,2023-02-12
49,Neutral,1676073600,,2023-02-11
48,Neutral,1675987200,,2023-02-10
55,Greed,1675900800,,2023-02-09
58,Greed,1675814400,,2023-02-08
54,Neutral,1675728000,,2023-02-07
56,Greed,1675641600,,2023-02-06
58,Greed,1675555200,,2023-02-05
58,Greed,1675468800,,2023-02-04
60,Greed,1675382400,,2023-02-03
60,Greed,1675296000,,2023-02-02
56,Greed,1675209600,,2023-02-01
51,Neutral,1675123200,,2023-01-31
61,Greed,1675036800,,2023-01-30
55,Greed,1674950400,,2023-01-29
52,Neutral,1674864000,,2023-01-28
55,Greed,1674777600,,2023-01-27
54,Neutral,1674691200,,2023-01-26
51,Neutral,1674604800,,2023-01-25
52,Neutral,1674518400,,2023-01-24
50,Neutral,1674432000,,2023-01-23
53,Neutral,1674345600,,2023-01-22
53,Neutral,1674259200,,2023-01-21
51,Neutral,1674172800,,2023-01-20
45,Fear,1674086400,,2023-01-19
52,Neutral,1674000000,,2023-01-18
51,Neutral,1673913600,,2023-01-17
45,Fear,1673827200,,2023-01-16
52,Neutral,1673740800,,2023-01-15
46,Fear,1673654400,,2023-01-14
31,Fear,1673568000,,2023-01-13
30,Fear,1673481600,,2023-01-12
26,Fear,1673395200,,2023-01-11
26,Fear,1673308800,,2023-01-10
25,Extreme Fear,1673222400,,2023-01-09
25,Extreme Fear,1673136000,,2023-01-08
25,Extreme Fear,1673049600,,2023-01-07
26,Fear,1672963200,,2023-01-06
29,Fear,1672876800,,2023-01-05
29,Fear,1672790400,,2023-01-04
26,Fear,1672704000,,2023-01-03
27,Fear,1672617600,,2023-01-02
26,Fear,1672531200,,2023-01-01
25,Extreme Fear,1672444800,,2022-12-31
28,Fear,1672358400,,2022-12-30
28,Fear,1672272000,,2022-12-29
28,Fear,1672185600,,2022-12-28
27,Fear,1672099200,,2022-12-27
28,Fear,1672012800,,2022-12-26
29,Fear,1671926400,,2022-12-25
29,Fear,1671840000,,2022-12-24
27,Fear,1671753600,,2022-12-23
28,Fear,1671667200,,2022-12-22
26,Fear,1671580800,,2022-12-21
29,Fear,1671494400,,2022-12-20
29,Fear,1671408000,,2022-12-19
26,Fear,1671321600,,2022-12-18
28,Fear,1671235200,,2022-12-17
29,Fear,1671148800,,2022-12-16
31,Fear,1671062400,,2022-12-15
30,Fear,1670976000,,2022-12-14
27,Fear,1670889600,,2022-12-13
27,Fear,1670803200,,2022-12-12
26,Fear,1670716800,,2022-12-11
27,Fear,1670630400,,2022-12-10
26,Fear,1670544000,,2022-12-09
25,Extreme Fear,1670457600,,2022-12-08
29,Fear,1670371200,,2022-12-07
25,Extreme Fear,1670284800,,2022-12-06
26,Fear,1670198400,,2022-12-05
26,Fear,1670112000,,2022-12-04
27,Fear,1670025600,,2022-12-03
27,Fear,1669939200,,2022-12-02
27,Fear,1669852800,,2022-12-01
29,Fear,1669766400,,2022-11-30
26,Fear,1669680000,,2022-11-29
28,Fear,1669593600,,2022-11-28
26,Fear,1669507200,,2022-11-27
22,Extreme Fear,1669420800,,2022-11-26
20,Extreme Fear,1669334400,,2022-11-25
20,Extreme Fear,1669248000,,2022-11-24
22,Extreme Fear,1669161600,,2022-11-23
22,Extreme Fear,1669075200,,2022-11-22
21,Extreme Fear,1668988800,,2022-11-21
24,Extreme Fear,1668902400,,2022-11-20
23,Extreme Fear,1668816000,,2022-11-19
23,Extreme Fear,1668729600,,2022-11-18
20,Extreme Fear,1668643200,,2022-11-17
23,Extreme Fear,1668556800,,2022-11-16
22,Extreme Fear,1668470400,,2022-11-15
24,Extreme Fear,1668384000,,2022-11-14
22,Extreme Fear,1668297600,,2022-11-13
21,Extreme Fear,1668211200,,2022-11-12
25,Extreme Fear,1668124800,,2022-11-11
22,Extreme Fear,1668038400,,2022-11-10
29,Fear,1667952000,,2022-11-09
31,Fear,1667865600,,2022-11-08
33,Fear,1667779200,,2022-11-07
40,Fear,1667692800,,2022-11-06
38,Fear,1667606400,,2022-11-05
30,Fear,1667520000,,2022-11-04
30,Fear,1667433600,,2022-11-03
30,Fear,1667347200,,2022-11-02
30,Fear,1667260800,,2022-11-01
31,Fear,1667174400,,2022-10-31
34,Fear,1667088000,,2022-10-30
34,Fear,1667001600,,2022-10-29
30,Fear,1666915200,,2022-10-28
32,Fear,1666828800,,2022-10-27
33,Fear,1666742400,,2022-10-26
20,Extreme Fear,1666656000,,2022-10-25
22,Extreme Fear,1666569600,,2022-10-24
23,Extreme Fear,1666483200,,2022-10-23
20,Extreme Fear,1666396800,,2022-10-22
23,Extreme Fear,1666310400,,2022-10-21
23,Extreme Fear,1666224000,,2022-10-20
23,Extreme Fear,1666137600,,2022-10-19
22,Extreme Fear,1666051200,,2022-10-18
20,Extreme Fear,1665964800,,2022-10-17
24,Extreme Fear,1665878400,,2022-10-16
24,Extreme Fear,1665792000,,2022-10-15
24,Extreme Fear,1665705600,,2022-10-14
20,Extreme Fear,1665619200,,2022-10-13
20,Extreme Fear,1665532800,,2022-10-12
24,Extreme Fear,1665446400,,2022-10-11
22,Extreme Fear,1665360000,,2022-10-10
22,Extreme Fear,1665273600,,2022-10-09
24,Extreme Fear,1665187200,,2022-10-08
23,Extreme Fear,1665100800,,2022-10-07
26,Fear,1665014400,,2022-10-06
25,Extreme Fear,1664928000,,2022-10-05
20,Extreme Fear,1664841600,,2022-10-04
24,Extreme Fear,1664755200,,2022-10-03
24,Extreme Fear,1664668800,,2022-10-02
20,Extreme Fear,1664582400,,2022-10-01
21,Extreme Fear,1664496000,,2022-09-30
22,Extreme Fear,1664409600,,2022-09-29
20,Extreme Fear,1664323200,,2022-09-28
20,Extreme Fear,1664236800,,2022-09-27
21,Extreme Fear,1664150400,,2022-09-26
24,Extreme Fear,1664064000,,2022-09-25
24,Extreme Fear,1663977600,,2022-09-24
20,Extreme Fear,1663891200,,2022-09-23
22,Extreme Fear,1663804800,,2022-09-22
23,Extreme Fear,1663718400,,2022-09-21
23,Extreme Fear,1663632000,,2022-09-20
21,Extreme Fear,1663545600,,2022-09-19
27,Fear,1663459200,,2022-09-18
22,Extreme Fear,1663372800,,2022-09-17
20,Extreme Fear,1663286400,,2022-09-16
28,Fear,1663200000,,2022-09-15
27,Fear,1663113600,,2022-09-14
34,Fear,1663027200,,2022-09-13
25,Extreme Fear,1662940800,,2022-09-12
26,Fear,1662854400,,2022-09-11
28,Fear,1662768000,,2022-09-10
22,Extreme Fear,1662681600,,2022-09-09
20,Extreme Fear,1662595200,,2022-09-08
24,Extreme Fear,1662508800,,2022-09-07
22,Extreme Fear,1662422400,,2022-09-06
23,Extreme Fear,1662336000,,2022-09-05
20,Extreme Fear,1662249600,,2022-09-04
21,Extreme Fear,1662163200,,2022-09-03
25,Extreme Fear,1662076800,,2022-09-02
20,Extreme Fear,1661990400,,2022-09-01
23,Extreme Fear,1661904000,,2022-08-31
27,Fear,1661817600,,2022-08-30
24,Extreme Fear,1661731200,,2022-08-29
28,Fear,1661644800,,2022-08-28
28,Fear,1661558400,,2022-08-27
27,Fear,1661472000,,2022-08-26
25,Extreme Fear,1661385600,,2022-08-25
25,Extreme Fear,1661299200,,2022-08-24
28,Fear,1661212800,,2022-08-23
29,Fear,1661126400,,2022-08-22
27,Fear,1661040000,,2022-08-21
29,Fear,1660953600,,2022-08-20
33,Fear,1660867200,,2022-08-19
30,Fear,1660780800,,2022-08-18
41,Fear,1660694400,,2022-08-17
44,Fear,1660608000,,2022-08-16
45,Fear,1660521600,,2022-08-15
47,Neutral,1660435200,,2022-08-14
46,Fear,1660348800,,2022-08-13
42,Fear,1660262400,,2022-08-12
41,Fear,1660176000,,2022-08-11
31,Fear,1660089600,,2022-08-10
42,Fear,1660003200,,2022-08-09
30,Fear,1659916800,,2022-08-08
30,Fear,1659830400,,2022-08-07
31,Fear,1659744000,,2022-08-06
31,Fear,1659657600,,2022-08-05
30,Fear,1659571200,,2022-08-04
34,Fear,1659484800,,2022-08-03
31,Fear,1659398400,,2022-08-02
33,Fear,1659312000,,2022-08-01
39,Fear,1659225600,,2022-07-31
42,Fear,1659139200,,2022-07-30
39,Fear,1659052800,,2022-07-29
32,Fear,1658966400,,2022-07-28
28,Fear,1658880000,,2022-07-27
26,Fear,1658793600,,2022-07-26
30,Fear,1658707200,,2022-07-25
30,Fear,1658620800,,2022-07-24
31,Fear,1658534400,,2022-07-23
33,Fear,1658448000,,2022-07-22
34,Fear,1658361600,,2022-07-21
31,Fear,1658275200,,2022-07-20
30,Fear,1658188800,,2022-07-19
20,Extreme Fear,1658102400,,2022-07-18
24,Extreme Fear,1658016000,,2022-07-17
21,Extreme Fear,1657929600,,2022-07-16
15,Extreme Fear,1657843200,,2022-07-15
18,Extreme Fear,1657756800,,2022-07-14
15,Extreme Fear,1657670400,,2022-07-13
16,Extreme Fear,1657584000,,2022-07-12
22,Extreme Fear,1657497600,,2022-07-11
24,Extreme Fear,1657411200,,2022-07-10
24,Extreme Fear,1657324800,,2022-07-09
20,Extreme Fear,1657238400,,2022-07-08
18,Extreme Fear,1657152000,,2022-07-07
18,Extreme Fear,1657065600,,2022-07-06
19,Extreme Fear,1656979200,,2022-07-05
14,Extreme Fear,1656892800,,2022-07-04
11,Extreme Fear,1656806400,,2022-07-03
14,Extreme Fear,1656720000,,2022-07-02
11,Extreme Fear,1656633600,,2022-07-01
11,Extreme Fear,1656547200,,2022-06-30
13,Extreme Fear,1656460800,,2022-06-29
10,Extreme Fear,1656374400,,2022-06-28
12,Extreme Fear,1656288000,,2022-06-27
14,Extreme Fear,1656201600,,2022-06-26
14,Extreme Fear,1656115200,,2022-06-25
11,Extreme Fear,1656028800,,2022-06-24
11,Extreme Fear,1655942400,,2022-06-23
11,Extreme Fear,1655856000,,2022-06-22
9,Extreme Fear,1655769600,,2022-06-21
9,Extreme Fear,1655683200,,2022-06-20
6,Extreme Fear,1655596800,,2022-06-19
6,Extreme Fear,1655510400,,2022-06-18
9,Extreme Fear,1655424000,,2022-06-17
7,Extreme Fear,1655337600,,2022-06-16
7,Extreme Fear,1655251200,,2022-06-15
8,Extreme Fear,1655164800,,2022-06-14
11,Extreme Fear,1655078400,,2022-06-13
14,Extreme Fear,1654992000,,2022-06-12
12,Extreme Fear,1654905600,,2022-06-11
13,Extreme Fear,1654819200,,2022-06-10
11,Extreme Fear,1654732800,,2022-06-09
17,Extreme Fear,1654646400,,2022-06-08
15,Extreme Fear,1654560000,,2022-06-07
13,Extreme Fear,1654473600,,2022-06-06
10,Extreme Fear,1654387200,,2022-06-05
14,Extreme Fear,1654300800,,2022-06-04
10,Extreme Fear,1654214400,,2022-06-03
13,Extreme Fear,1654128000,,2022-06-02
17,Extreme Fear,1654041600,,2022-06-01
16,Extreme Fear,1653955200,,2022-05-31
10,Extreme Fear,1653868800,,2022-05-30
14,Extreme Fear,1653782400,,2022-05-29
13,Extreme Fear,1653696000,,2022-05-28
12,Extreme Fear,1653609600,,2022-05-27
12,Extreme Fear,1653523200,,2022-05-26
11,Extreme Fear,1653436800,,2022-05-25
12,Extreme Fear,1653350400,,2022-05-24
10,Extreme Fear,1653264000,,2022-05-23
14,Extreme Fear,1653177600,,2022-05-22
13,Extreme Fear,1653091200,,2022-05-21
13,Extreme Fear,1653004800,,2022-05-20
13,Extreme Fear,1652918400,,2022-05-19
12,Extreme Fear,1652832000,,2022-05-18
8,Extreme Fear,1652745600,,2022-05-17
14,Extreme Fear,1652659200,,2022-05-16
10,Extreme Fear,1652572800,,2022-05-15
9,Extreme Fear,1652486400,,2022-05-14
10,Extreme Fear,1652400000,,2022-05-13
12,Extreme Fear,1652313600,,2022-05-12
12,Extreme Fear,1652227200,,2022-05-11
10,Extreme Fear,1652140800,,2022-05-10
11,Extreme Fear,1652054400,,2022-05-09
18,Extreme Fear,1651968000,,2022-05-08
23,Extreme Fear,1651881600,,2022-05-07
22,Extreme Fear,1651795200,,2022-05-06
27,Fear,1651708800,,2022-05-05
21,Extreme Fear,1651622400,,2022-05-04
27,Fear,1651536000,,2022-05-03
28,Fear,1651449600,,2022-05-02
22,Extreme Fear,1651363200,,2022-05-01
20,Extreme Fear,1651276800,,2022-04-30
23,Extreme Fear,1651190400,,2022-04-29
24,Extreme Fear,1651104000,,2022-04-28
21,Extreme Fear,1651017600,,2022-04-27
27,Fear,1650931200,,2022-04-26
23,Extreme Fear,1650844800,,2022-04-25
24,Extreme Fear,1650758400,,2022-04-24
24,Extreme Fear,1650672000,,2022-04-23
26,Fear,1650585600,,2022-04-22
27,Fear,1650499200,,2022-04-21
27,Fear,1650412800,,2022-04-20
27,Fear,1650326400,,2022-04-19
24,Extreme Fear,1650240000,,2022-04-18
28,Fear,1650153600,,2022-04-17
28,Fear,1650067200,,2022-04-16
22,Extreme Fear,1649980800,,2022-04-15
28,Fear,1649894400,,2022-04-14
25,Extreme Fear,1649808000,,2022-04-13
20,Extreme Fear,1649721600,,2022-04-12
32,Fear,1649635200,,2022-04-11
34,Fear,1649548800,,2022-04-10
30,Fear,1649462400,,2022-04-09
37,Fear,1649376000,,2022-04-08
34,Fear,1649289600,,2022-04-07
48,Neutral,1649203200,,2022-04-06
53,Neutral,1649116800,,2022-04-05
52,Neutral,1649030400,,2022-04-04
48,Neutral,1648944000,,2022-04-03
52,Neutral,1648857600,,2022-04-02
50,Neutral,1648771200,,2022-04-01
52,Neutral,1648684800,,2022-03-31
55,Greed,1648598400,,2022-03-30
56,Greed,1648512000,,2022-03-29
60,Greed,1648425600,,2022-03-28
49,Neutral,1648339200,,2022-03-27
51,Neutral,1648252800,,2022-03-26
47,Neutral,1648166400,,2022-03-25
40,Fear,1648080000,,2022-03-24
31,Fear,1647993600,,2022-03-23
26,Fear,1647907200,,2022-03-22
30,Fear,1647820800,,2022-03-21
31,Fear,1647734400,,2022-03-20
28,Fear,1647648000,,2022-03-19
25,Extreme Fear,1647561600,,2022-03-18
27,Fear,1647475200,,2022-03-17
24,Extreme Fear,1647388800,,2022-03-16
21,Extreme Fear,1647302400,,2022-03-15
23,Extreme Fear,1647216000,,2022-03-14
21,Extreme Fear,1647129600,,2022-03-13
22,Extreme Fear,1647043200,,2022-03-12
22,Extreme Fear,1646956800,,2022-03-11
28,Fear,1646870400,,2022-03-10
22,Extreme Fear,1646784000,,2022-03-09
21,Extreme Fear,1646697600,,2022-03-08
23,Extreme Fear,1646611200,,2022-03-07
22,Extreme Fear,1646524800,,2022-03-06
22,Extreme Fear,1646438400,,2022-03-05
33,Fear,1646352000,,2022-03-04
39,Fear,1646265600,,2022-03-03
52,Neutral,1646179200,,2022-03-02
51,Neutral,1646092800,,2022-03-01
20,Extreme Fear,1646006400,,2022-02-28
26,Fear,1645920000,,2022-02-27
26,Fear,1645833600,,2022-02-26
27,Fear,1645747200,,2022-02-25
23,Extreme Fear,1645660800,,2022-02-24
25,Extreme Fear,1645574400,,2022-02-23
20,Extreme Fear,1645488000,,2022-02-22
25,Extreme Fear,1645401600,,2022-02-21
27,Fear,1645315200,,2022-02-20
25,Extreme Fear,1645228800,,2022-02-19
30,Fear,1645142400,,2022-02-18
52,Neutral,1645056000,,2022-02-17
51,Neutral,1644969600,,2022-02-16
46,Fear,1644883200,,2022-02-15
46,Fear,1644796800,,2022-02-14
44,Fear,1644710400,,2022-02-13
44,Fear,1644624000,,2022-02-12
50,Neutral,1644537600,,2022-02-11
50,Neutral,1644451200,,2022-02-10
54,Neutral,1644364800,,2022-02-09
48,Neutral,1644278400,,2022-02-08
45,Fear,1644192000,,2022-02-07
37,Fear,1644105600,,2022-02-06
33,Fear,1644019200,,2022-02-05
20,Extreme Fear,1643932800,,2022-02-04
20,Extreme Fear,1643846400,,2022-02-03
28,Fear,1643760000,,2022-02-02
26,Fear,1643673600,,2022-02-01
20,Extreme Fear,1643587200,,2022-01-31
29,Fear,1643500800,,2022-01-30
24,Extreme Fear,1643414400,,2022-01-29
24,Extreme Fear,1643328000,,2022-01-28
20,Extreme Fear,1643241600,,2022-01-27
23,Extreme Fear,1643155200,,2022-01-26
12,Extreme Fear,1643068800,,2022-01-25
13,Extreme Fear,1642982400,,2022-01-24
11,Extreme Fear,1642896000,,2022-01-23
13,Extreme Fear,1642809600,,2022-01-22
19,Extreme Fear,1642723200,,2022-01-21
24,Extreme Fear,1642636800,,2022-01-20
24,Extreme Fear,1642550400,,2022-01-19
24,Extreme Fear,1642464000,,2022-01-18
22,Extreme Fear,1642377600,,2022-01-17
21,Extreme Fear,1642291200,,2022-01-16
23,Extreme Fear,1642204800,,2022-01-15
21,Extreme Fear,1642118400,,2022-01-14
21,Extreme Fear,1642032000,,2022-01-13
22,Extreme Fear,1641945600,,2022-01-12
21,Extreme Fear,1641859200,,2022-01-11
23,Extreme Fear,1641772800,,2022-01-10
23,Extreme Fear,1641686400,,2022-01-09
10,Extreme Fear,1641600000,,2022-01-08
18,Extreme Fear,1641513600,,2022-01-07
15,Extreme Fear,1641427200,,2022-01-06
24,Extreme Fear,1641340800,,2022-01-05
23,Extreme Fear,1641254400,,2022-01-04
29,Fear,1641168000,,2022-01-03
29,Fear,1641081600,,2022-01-02
21,Extreme Fear,1640995200,,2022-01-01
28,Fear,1640908800,,2021-12-31
22,Extreme Fear,1640822400,,2021-12-30
27,Fear,1640736000,,2021-12-29
41,Fear,1640649600,,2021-12-28
40,Fear,1640563200,,2021-12-27
37,Fear,1640476800,,2021-12-26
39,Fear,1640390400,,2021-12-25
41,Fear,1640304000,,2021-12-24
34,Fear,1640217600,,2021-12-23
45,Fear,1640131200,,2021-12-22
27,Fear,1640044800,,2021-12-21
25,Extreme Fear,1639958400,,2021-12-20
29,Fear,1639872000,,2021-12-19
24,Extreme Fear,1639785600,,2021-12-18
23,Extreme Fear,1639699200,,2021-12-17
29,Fear,1639612800,,2021-12-16
28,Fear,1639526400,,2021-12-15
21,Extreme Fear,1639440000,,2021-12-14
28,Fear,1639353600,,2021-12-13
27,Fear,1639267200,,2021-12-12
16,Extreme Fear,1639180800,,2021-12-11
24,Extreme Fear,1639094400,,2021-12-10
29,Fear,1639008000,,2021-12-09
28,Fear,1638921600,,2021-12-08
25,Extreme Fear,1638835200,,2021-12-07
16,Extreme Fear,1638748800,,2021-12-06
18,Extreme Fear,1638662400,,2021-12-05
25,Extreme Fear,1638576000,,2021-12-04
31,Fear,1638489600,,2021-12-03
32,Fear,1638403200,,2021-12-02
34,Fear,1638316800,,2021-12-01
40,Fear,1638230400,,2021-11-30
33,Fear,1638144000,,2021-11-29
27,Fear,1638057600,,2021-11-28
21,Extreme Fear,1637971200,,2021-11-27
47,Neutral,1637884800,,2021-11-26
32,Fear,1637798400,,2021-11-25
42,Fear,1637712000,,2021-11-24
33,Fear,1637625600,,2021-11-23
50,Neutral,1637539200,,2021-11-22
49,Neutral,1637452800,,2021-11-21
43,Fear,1637366400,,2021-11-20
34,Fear,1637280000,,2021-11-19
54,Neutral,1637193600,,2021-11-18
52,Neutral,1637107200,,2021-11-17
71,Greed,1637020800,,2021-11-16
72,Greed,1636934400,,2021-11-15
74,Greed,1636848000,,2021-11-14
72,Greed,1636761600,,2021-11-13
74,Greed,1636675200,,2021-11-12
77,Extreme Greed,1636588800,,2021-11-11
75,Greed,1636502400,,2021-11-10
84,Extreme Greed,1636416000,,2021-11-09
75,Greed,1636329600,,2021-11-08
73,Greed,1636243200,,2021-11-07
71,Greed,1636156800,,2021-11-06
73,Greed,1636070400,,2021-11-05
73,Greed,1635984000,,2021-11-04
76,Extreme Greed,1635897600,,2021-11-03
73,Greed,1635811200,,2021-11-02
74,Greed,1635724800,,2021-11-01
74,Greed,1635638400,,2021-10-31
73,Greed,1635552000,,2021-10-30
70,Greed,1635465600,,2021-10-29
66,Greed,1635379200,,2021-10-28
73,Greed,1635292800,,2021-10-27
76,Extreme Greed,1635206400,,2021-10-26
72,Greed,1635120000,,2021-10-25
73,Greed,1635033600,,2021-10-24
74,Greed,1634947200,,2021-10-23
75,Greed,1634860800,,2021-10-22
84,Extreme Greed,1634774400,,2021-10-21
82,Extreme Greed,1634688000,,2021-10-20
75,Greed,1634601600,,2021-10-19
78,Extreme Greed,1634515200,,2021-10-18
79,Extreme Greed,1634428800,,2021-10-17
78,Extreme Greed,1634342400,,2021-10-16
71,Greed,1634256000,,2021-10-15
70,Greed,1634169600,,2021-10-14
70,Greed,1634083200,,2021-10-13
78,Extreme Greed,1633996800,,2021-10-12
71,Greed,1633910400,,2021-10-11
71,Greed,1633824000,,2021-10-10
72,Greed,1633737600,,2021-10-09
74,Greed,1633651200,,2021-10-08
76,Extreme Greed,1633564800,,2021-10-07
68,Greed,1633478400,,2021-10-06
59,Greed,1633392000,,2021-10-05
54,Neutral,1633305600,,2021-10-04
49,Neutral,1633219200,,2021-10-03
54,Neutral,1633132800,,2021-10-02
27,Fear,1633046400,,2021-10-01
20,Extreme Fear,1632960000,,2021-09-30
24,Extreme Fear,1632873600,,2021-09-29
25,Extreme Fear,1632787200,,2021-09-28
26,Fear,1632700800,,2021-09-27
27,Fear,1632614400,,2021-09-26
28,Fear,1632528000,,2021-09-25
33,Fear,1632441600,,2021-09-24
27,Fear,1632355200,,2021-09-23
21,Extreme Fear,1632268800,,2021-09-22
27,Fear,1632182400,,2021-09-21
50,Neutral,1632096000,,2021-09-20
53,Neutral,1632009600,,2021-09-19
50,Neutral,1631923200,,2021-09-18
48,Neutral,1631836800,,2021-09-17
53,Neutral,1631750400,,2021-09-16
49,Neutral,1631664000,,2021-09-15
30,Fear,1631577600,,2021-09-14
44,Fear,1631491200,,2021-09-13
32,Fear,1631404800,,2021-09-12
31,Fear,1631318400,,2021-09-11
46,Fear,1631232000,,2021-09-10
45,Fear,1631145600,,2021-09-09
47,Neutral,1631059200,,2021-09-08
79,Extreme Greed,1630972800,,2021-09-07
79,Extreme Greed,1630886400,,2021-09-06
73,Greed,1630800000,,2021-09-05
72,Greed,1630713600,,2021-09-04
74,Greed,1630627200,,2021-09-03
74,Greed,1630540800,,2021-09-02
71,Greed,1630454400,,2021-09-01
73,Greed,1630368000,,2021-08-31
73,Greed,1630281600,,2021-08-30
72,Greed,1630195200,,2021-08-29
78,Extreme Greed,1630108800,,2021-08-28
71,Greed,1630022400,,2021-08-27
75,Greed,1629936000,,2021-08-26
73,Greed,1629849600,,2021-08-25
79,Extreme Greed,1629763200,,2021-08-24
79,Extreme Greed,1629676800,,2021-08-23
76,Extreme Greed,1629590400,,2021-08-22
78,Extreme Greed,1629504000,,2021-08-21
70,Greed,1629417600,,2021-08-20
70,Greed,1629331200,,2021-08-19
73,Greed,1629244800,,2021-08-18
72,Greed,1629158400,,2021-08-17
72,Greed,1629072000,,2021-08-16
71,Greed,1628985600,,2021-08-15
76,Extreme Greed,1628899200,,2021-08-14
70,Greed,1628812800,,2021-08-13
70,Greed,1628726400,,2021-08-12
70,Greed,1628640000,,2021-08-11
71,Greed,1628553600,,2021-08-10
65,Greed,1628467200,,2021-08-09
74,Greed,1628380800,,2021-08-08
69,Greed,1628294400,,2021-08-07
52,Neutral,1628208000,,2021-08-06
50,Neutral,1628121600,,2021-08-05
42,Fear,1628035200,,2021-08-04
48,Neutral,1627948800,,2021-08-03
48,Neutral,1627862400,,2021-08-02
60,Greed,1627776000,,2021-08-01
60,Greed,1627689600,,2021-07-31
53,Neutral,1627603200,,2021-07-30
50,Neutral,1627516800,,2021-07-29
50,Neutral,1627430400,,2021-07-28
32,Fear,1627344000,,2021-07-27
26,Fear,1627257600,,2021-07-26
27,Fear,1627171200,,2021-07-25
22,Extreme Fear,1627084800,,2021-07-24
23,Extreme Fear,1626998400,,2021-07-23
21,Extreme Fear,1626912000,,2021-07-22
10,Extreme Fear,1626825600,,2021-07-21
19,Extreme Fear,1626739200,,2021-07-20
24,Extreme Fear,1626652800,,2021-07-19
19,Extreme Fear,1626566400,,2021-07-18
15,Extreme Fear,1626480000,,2021-07-17
22,Extreme Fear,1626393600,,2021-07-16
20,Extreme Fear,1626307200,,2021-07-15
21,Extreme Fear,1626220800,,2021-07-14
20,Extreme Fear,1626134400,,2021-07-13
25,Extreme Fear,1626048000,,2021-07-12
20,Extreme Fear,1625961600,,2021-07-11
20,Extreme Fear,1625875200,,2021-07-10
20,Extreme Fear,1625788800,,2021-07-09
20,Extreme Fear,1625702400,,2021-07-08
28,Fear,1625616000,,2021-07-07
20,Extreme Fear,1625529600,,2021-07-06
29,Fear,1625443200,,2021-07-05
27,Fear,1625356800,,2021-07-04
24,Extreme Fear,1625270400,,2021-07-03
21,Extreme Fear,1625184000,,2021-07-02
28,Fear,1625097600,,2021-07-01
28,Fear,1625011200,,2021-06-30
25,Extreme Fear,1624924800,,2021-06-29
25,Extreme Fear,1624838400,,2021-06-28
22,Extreme Fear,1624752000,,2021-06-27
20,Extreme Fear,1624665600,,2021-06-26
27,Fear,1624579200,,2021-06-25
22,Extreme Fear,1624492800,,2021-06-24
14,Extreme Fear,1624406400,,2021-06-23
10,Extreme Fear,1624320000,,2021-06-22
23,Extreme Fear,1624233600,,2021-06-21
21,Extreme Fear,1624147200,,2021-06-20
23,Extreme Fear,1624060800,,2021-06-19
25,Extreme Fear,1623974400,,2021-06-18
26,Fear,1623888000,,2021-06-17
33,Fear,1623801600,,2021-06-16
38,Fear,1623715200,,2021-06-15
28,Fear,1623628800,,2021-06-14
23,Extreme Fear,1623542400,,2021-06-13
28,Fear,1623456000,,2021-06-12
21,Extreme Fear,1623369600,,2021-06-11
21,Extreme Fear,1623283200,,2021-06-10
14,Extreme Fear,1623196800,,2021-06-09
13,Extreme Fear,1623110400,,2021-06-08
15,Extreme Fear,1623024000,,2021-06-07
17,Extreme Fear,1622937600,,2021-06-06
24,Extreme Fear,1622851200,,2021-06-05
27,Fear,1622764800,,2021-06-04
24,Extreme Fear,1622678400,,2021-06-03
23,Extreme Fear,1622592000,,2021-06-02
20,Extreme Fear,1622505600,,2021-06-01
18,Extreme Fear,1622419200,,2021-05-31
10,Extreme Fear,1622332800,,2021-05-30
18,Extreme Fear,1622246400,,2021-05-29
21,Extreme Fear,1622160000,,2021-05-28
27,Fear,1622073600,,2021-05-27
22,Extreme Fear,1621987200,,2021-05-26
22,Extreme Fear,1621900800,,2021-05-25
10,Extreme Fear,1621814400,,2021-05-24
14,Extreme Fear,1621728000,,2021-05-23
12,Extreme Fear,1621641600,,2021-05-22
19,Extreme Fear,1621555200,,2021-05-21
11,Extreme Fear,1621468800,,2021-05-20
23,Extreme Fear,1621382400,,2021-05-19
21,Extreme Fear,1621296000,,2021-05-18
27,Fear,1621209600,,2021-05-17
20,Extreme Fear,1621123200,,2021-05-16
27,Fear,1621036800,,2021-05-15
26,Fear,1620950400,,2021-05-14
31,Fear,1620864000,,2021-05-13
68,Greed,1620777600,,2021-05-12
61,Greed,1620691200,,2021-05-11
72,Greed,1620604800,,2021-05-10
73,Greed,1620518400,,2021-05-09
67,Greed,1620432000,,2021-05-08
64,Greed,1620345600,,2021-05-07
65,Greed,1620259200,,2021-05-06
48,Neutral,1620172800,,2021-05-05
68,Greed,1620086400,,2021-05-04
61,Greed,1620000000,,2021-05-03
66,Greed,1619913600,,2021-05-02
68,Greed,1619827200,,2021-05-01
51,Neutral,1619740800,,2021-04-30
52,Neutral,1619654400,,2021-04-29
59,Greed,1619568000,,2021-04-28
50,Neutral,1619481600,,2021-04-27
27,Fear,1619395200,,2021-04-26
31,Fear,1619308800,,2021-04-25
37,Fear,1619222400,,2021-04-24
55,Greed,1619136000,,2021-04-23
65,Greed,1619049600,,2021-04-22
73,Greed,1618963200,,2021-04-21
73,Greed,1618876800,,2021-04-20
74,Greed,1618790400,,2021-04-19
79,Extreme Greed,1618704000,,2021-04-18
76,Extreme Greed,1618617600,,2021-04-17
78,Extreme Greed,1618531200,,2021-04-16
79,Extreme Greed,1618444800,,2021-04-15
75,Greed,1618358400,,2021-04-14
74,Greed,1618272000,,2021-04-13
74,Greed,1618185600,,2021-04-12
76,Extreme Greed,1618099200,,2021-04-11
70,Greed,1618012800,,2021-04-10
70,Greed,1617926400,,2021-04-09
73,Greed,1617840000,,2021-04-08
72,Greed,1617753600,,2021-04-07
75,Greed,1617667200,,2021-04-06
71,Greed,1617580800,,2021-04-05
74,Greed,1617494400,,2021-04-04
73,Greed,1617408000,,2021-04-03
74,Greed,1617321600,,2021-04-02
74,Greed,1617235200,,2021-04-01
76,Extreme Greed,1617148800,,2021-03-31
72,Greed,1617062400,,2021-03-30
72,Greed,1616976000,,2021-03-29
74,Greed,1616889600,,2021-03-28
65,Greed,1616803200,,2021-03-27
54,Neutral,1616716800,,2021-03-26
60,Greed,1616630400,,2021-03-25
65,Greed,1616544000,,2021-03-24
66,Greed,1616457600,,2021-03-23
70,Greed,1616371200,,2021-03-22
73,Greed,1616284800,,2021-03-21
75,Greed,1616198400,,2021-03-20
71,Greed,1616112000,,2021-03-19
72,Greed,1616025600,,2021-03-18
71,Greed,1615939200,,2021-03-17
71,Greed,1615852800,,2021-03-16
76,Extreme Greed,1615766400,,2021-03-15
78,Extreme Greed,1615680000,,2021-03-14
74,Greed,1615593600,,2021-03-13
70,Greed,1615507200,,2021-03-12
73,Greed,1615420800,,2021-03-11
68,Greed,1615334400,,2021-03-10
81,Extreme Greed,1615248000,,2021-03-09
81,Extreme Greed,1615161600,,2021-03-08
76,Extreme Greed,1615075200,,2021-03-07
77,Extreme Greed,1614988800,,2021-03-06
77,Extreme Greed,1614902400,,2021-03-05
84,Extreme Greed,1614816000,,2021-03-04
78,Extreme Greed,1614729600,,2021-03-03
78,Extreme Greed,1614643200,,2021-03-02
38,Fear,1614556800,,2021-03-01
55,Greed,1614470400,,2021-02-28
56,Greed,1614384000,,2021-02-27
55,Greed,1614297600,,2021-02-26
79,Extreme Greed,1614211200,,2021-02-25
76,Extreme Greed,1614124800,,2021-02-24
94,Extreme Greed,1614038400,,2021-02-23
94,Extreme Greed,1613952000,,2021-02-22
91,Extreme Greed,1613865600,,2021-02-21
91,Extreme Greed,1613779200,,2021-02-20
93,Extreme Greed,1613692800,,2021-02-19
91,Extreme Greed,1613606400,,2021-02-18
95,Extreme Greed,1613520000,,2021-02-17
95,Extreme Greed,1613433600,,2021-02-16
93,Extreme Greed,1613347200,,2021-02-15
95,Extreme Greed,1613260800,,2021-02-14
92,Extreme Greed,1613174400,,2021-02-13
92,Extreme Greed,1613088000,,2021-02-12
93,Extreme Greed,1613001600,,2021-02-11
92,Extreme Greed,1612915200,,2021-02-10
95,Extreme Greed,1612828800,,2021-02-09
83,Extreme Greed,1612742400,,2021-02-08
86,Extreme Greed,1612656000,,2021-02-07
84,Extreme Greed,1612569600,,2021-02-06
81,Extreme Greed,1612483200,,2021-02-05
80,Extreme Greed,1612396800,,2021-02-04
78,Extreme Greed,1612310400,,2021-02-03
76,Extreme Greed,1612224000,,2021-02-02
77,Extreme Greed,1612137600,,2021-02-01
78,Extreme Greed,1612051200,,2021-01-31
76,Extreme Greed,1611964800,,2021-01-30
77,Extreme Greed,1611878400,,2021-01-29
55,Greed,1611792000,,2021-01-28
78,Extreme Greed,1611705600,,2021-01-27
71,Greed,1611619200,,2021-01-26
74,Greed,1611532800,,2021-01-25
70,Greed,1611446400,,2021-01-24
74,Greed,1611360000,,2021-01-23
40,Fear,1611273600,,2021-01-22
75,Greed,1611187200,,2021-01-21
78,Extreme Greed,1611100800,,2021-01-20
80,Extreme Greed,1611014400,,2021-01-19
79,Extreme Greed,1610928000,,2021-01-18
79,Extreme Greed,1610841600,,2021-01-17
84,Extreme Greed,1610755200,,2021-01-16
88,Extreme Greed,1610668800,,2021-01-15
83,Extreme Greed,1610582400,,2021-01-14
78,Extreme Greed,1610496000,,2021-01-13
84,Extreme Greed,1610409600,,2021-01-12
90,Extreme Greed,1610323200,,2021-01-11
94,Extreme Greed,1610236800,,2021-01-10
93,Extreme Greed,1610150400,,2021-01-09
93,Extreme Greed,1610064000,,2021-01-08
91,Extreme Greed,1609977600,,2021-01-07
95,Extreme Greed,1609891200,,2021-01-06
93,Extreme Greed,1609804800,,2021-01-05
94,Extreme Greed,1609718400,,2021-01-04
93,Extreme Greed,1609632000,,2021-01-03
94,Extreme Greed,1609545600,,2021-01-02
94,Extreme Greed,1609459200,,2021-01-01
95,Extreme Greed,1609372800,,2020-12-31
91,Extreme Greed,1609286400,,2020-12-30
91,Extreme Greed,1609200000,,2020-12-29
92,Extreme Greed,1609113600,,2020-12-28
91,Extreme Greed,1609027200,,2020-12-27
93,Extreme Greed,1608940800,,2020-12-26
94,Extreme Greed,1608854400,,2020-12-25
86,Extreme Greed,1608768000,,2020-12-24
93,Extreme Greed,1608681600,,2020-12-23
88,Extreme Greed,1608595200,,2020-12-22
92,Extreme Greed,1608508800,,2020-12-21
92,Extreme Greed,1608422400,,2020-12-20
93,Extreme Greed,1608336000,,2020-12-19
95,Extreme Greed,1608249600,,2020-12-18
92,Extreme Greed,1608163200,,2020-12-17
92,Extreme Greed,1608076800,,2020-12-16
91,Extreme Greed,1607990400,,2020-12-15
95,Extreme Greed,1607904000,,2020-12-14
91,Extreme Greed,1607817600,,2020-12-13
90,Extreme Greed,1607731200,,2020-12-12
89,Extreme Greed,1607644800,,2020-12-11
94,Extreme Greed,1607558400,,2020-12-10
86,Extreme Greed,1607472000,,2020-12-09
95,Extreme Greed,1607385600,,2020-12-08
94,Extreme Greed,1607299200,,2020-12-07
95,Extreme Greed,1607212800,,2020-12-06
93,Extreme Greed,1607126400,,2020-12-05
92,Extreme Greed,1607040000,,2020-12-04
92,Extreme Greed,1606953600,,2020-12-03
92,Extreme Greed,1606867200,,2020-12-02
95,Extreme Greed,1606780800,,2020-12-01
88,Extreme Greed,1606694400,,2020-11-30
89,Extreme Greed,1606608000,,2020-11-29
87,Extreme Greed,1606521600,,2020-11-28
86,Extreme Greed,1606435200,,2020-11-27
93,Extreme Greed,1606348800,,2020-11-26
94,Extreme Greed,1606262400,,2020-11-25
88,Extreme Greed,1606176000,,2020-11-24
90,Extreme Greed,1606089600,,2020-11-23
94,Extreme Greed,1606003200,,2020-11-22
91,Extreme Greed,1605916800,,2020-11-21
86,Extreme Greed,1605830400,,2020-11-20
94,Extreme Greed,1605744000,,2020-11-19
91,Extreme Greed,1605657600,,2020-11-18
86,Extreme Greed,1605571200,,2020-11-17
90,Extreme Greed,1605484800,,2020-11-16
86,Extreme Greed,1605398400,,2020-11-15
90,Extreme Greed,1605312000,,2020-11-14
89,Extreme Greed,1605225600,,2020-11-13
87,Extreme Greed,1605139200,,2020-11-12
86,Extreme Greed,1605052800,,2020-11-11
90,Extreme Greed,1604966400,,2020-11-10
90,Extreme Greed,1604880000,,2020-11-09
82,Extreme Greed,1604793600,,2020-11-08
88,Extreme Greed,1604707200,,2020-11-07
90,Extreme Greed,1604620800,,2020-11-06
72,Greed,1604534400,,2020-11-05
74,Greed,1604448000,,2020-11-04
71,Greed,1604361600,,2020-11-03
71,Greed,1604275200,,2020-11-02
72,Greed,1604188800,,2020-11-01
73,Greed,1604102400,,2020-10-31
74,Greed,1604016000,,2020-10-30
67,Greed,1603929600,,2020-10-29
70,Greed,1603843200,,2020-10-28
61,Greed,1603756800,,2020-10-27
75,Greed,1603670400,,2020-10-26
76,Extreme Greed,1603584000,,2020-10-25
73,Greed,1603497600,,2020-10-24
74,Greed,1603411200,,2020-10-23
73,Greed,1603324800,,2020-10-22
61,Greed,1603238400,,2020-10-21
56,Greed,1603152000,,2020-10-20
55,Greed,1603065600,,2020-10-19
55,Greed,1602979200,,2020-10-18
56,Greed,1602892800,,2020-10-17
52,Neutral,1602806400,,2020-10-16
56,Greed,1602720000,,2020-10-15
53,Neutral,1602633600,,2020-10-14
56,Greed,1602547200,,2020-10-13
52,Neutral,1602460800,,2020-10-12
55,Greed,1602374400,,2020-10-11
53,Neutral,1602288000,,2020-10-10
48,Neutral,1602201600,,2020-10-09
46,Fear,1602115200,,2020-10-08
43,Fear,1602028800,,2020-10-07
47,Neutral,1601942400,,2020-10-06
42,Fear,1601856000,,2020-10-05
42,Fear,1601769600,,2020-10-04
40,Fear,1601683200,,2020-10-03
41,Fear,1601596800,,2020-10-02
45,Fear,1601510400,,2020-10-01
49,Neutral,1601424000,,2020-09-30
45,Fear,1601337600,,2020-09-29
43,Fear,1601251200,,2020-09-28
47,Neutral,1601164800,,2020-09-27
45,Fear,1601078400,,2020-09-26
46,Fear,1600992000,,2020-09-25
39,Fear,1600905600,,2020-09-24
43,Fear,1600819200,,2020-09-23
39,Fear,1600732800,,2020-09-22
48,Neutral,1600646400,,2020-09-21
52,Neutral,1600560000,,2020-09-20
48,Neutral,1600473600,,2020-09-19
49,Neutral,1600387200,,2020-09-18
48,Neutral,1600300800,,2020-09-17
43,Fear,1600214400,,2020-09-16
47,Neutral,1600128000,,2020-09-15
39,Fear,1600041600,,2020-09-14
38,Fear,1599955200,,2020-09-13
41,Fear,1599868800,,2020-09-12
41,Fear,1599782400,,2020-09-11
38,Fear,1599696000,,2020-09-10
38,Fear,1599609600,,2020-09-09
41,Fear,1599523200,,2020-09-08
41,Fear,1599436800,,2020-09-07
41,Fear,1599350400,,2020-09-06
41,Fear,1599264000,,2020-09-05
40,Fear,1599177600,,2020-09-04
79,Extreme Greed,1599091200,,2020-09-03
83,Extreme Greed,1599004800,,2020-09-02
75,Greed,1598918400,,2020-09-01
75,Greed,1598832000,,2020-08-31
75,Greed,1598745600,,2020-08-30
79,Extreme Greed,1598659200,,2020-08-29
74,Greed,1598572800,,2020-08-28
75,Greed,1598486400,,2020-08-27
76,Extreme Greed,1598400000,,2020-08-26
75,Greed,1598313600,,2020-08-25
78,Extreme Greed,1598227200,,2020-08-24
76,Extreme Greed,1598140800,,2020-08-23
78,Extreme Greed,1598054400,,2020-08-22
81,Extreme Greed,1597968000,,2020-08-21
75,Greed,1597881600,,2020-08-20
80,Extreme Greed,1597795200,,2020-08-19
82,Extreme Greed,1597708800,,2020-08-18
83,Extreme Greed,1597622400,,2020-08-17
82,Extreme Greed,1597536000,,2020-08-16
79,Extreme Greed,1597449600,,2020-08-15
78,Extreme Greed,1597363200,,2020-08-14
75,Greed,1597276800,,2020-08-13
75,Greed,1597190400,,2020-08-12
84,Extreme Greed,1597104000,,2020-08-11
78,Extreme Greed,1597017600,,2020-08-10
79,Extreme Greed,1596931200,,2020-08-09
77,Extreme Greed,1596844800,,2020-08-08
77,Extreme Greed,1596758400,,2020-08-07
79,Extreme Greed,1596672000,,2020-08-06
75,Greed,1596585600,,2020-08-05
72,Greed,1596499200,,2020-08-04
75,Greed,1596412800,,2020-08-03
80,Extreme Greed,1596326400,,2020-08-02
75,Greed,1596240000,,2020-08-01
75,Greed,1596153600,,2020-07-31
76,Extreme Greed,1596067200,,2020-07-30
71,Greed,1595980800,,2020-07-29
76,Extreme Greed,1595894400,,2020-07-28
58,Greed,1595808000,,2020-07-27
55,Greed,1595721600,,2020-07-26
55,Greed,1595635200,,2020-07-25
53,Neutral,1595548800,,2020-07-24
55,Greed,1595462400,,2020-07-23
50,Neutral,1595376000,,2020-07-22
44,Fear,1595289600,,2020-07-21
44,Fear,1595203200,,2020-07-20
41,Fear,1595116800,,2020-07-19
44,Fear,1595030400,,2020-07-18
41,Fear,1594944000,,2020-07-17
43,Fear,1594857600,,2020-07-16
44,Fear,1594771200,,2020-07-15
43,Fear,1594684800,,2020-07-14
43,Fear,1594598400,,2020-07-13
41,Fear,1594512000,,2020-07-12
44,Fear,1594425600,,2020-07-11
41,Fear,1594339200,,2020-07-10
44,Fear,1594252800,,2020-07-09
44,Fear,1594166400,,2020-07-08
43,Fear,1594080000,,2020-07-07
40,Fear,1593993600,,2020-07-06
38,Fear,1593907200,,2020-07-05
40,Fear,1593820800,,2020-07-04
41,Fear,1593734400,,2020-07-03
42,Fear,1593648000,,2020-07-02
42,Fear,1593561600,,2020-07-01
44,Fear,1593475200,,2020-06-30
41,Fear,1593388800,,2020-06-29
40,Fear,1593302400,,2020-06-28
43,Fear,1593216000,,2020-06-27
40,Fear,1593129600,,2020-06-26
43,Fear,1593043200,,2020-06-25
50,Neutral,1592956800,,2020-06-24
41,Fear,1592870400,,2020-06-23
38,Fear,1592784000,,2020-06-22
37,Fear,1592697600,,2020-06-21
38,Fear,1592611200,,2020-06-20
39,Fear,1592524800,,2020-06-19
40,Fear,1592438400,,2020-06-18
38,Fear,1592352000,,2020-06-17
39,Fear,1592265600,,2020-06-16
37,Fear,1592179200,,2020-06-15
40,Fear,1592092800,,2020-06-14
38,Fear,1592006400,,2020-06-13
38,Fear,1591920000,,2020-06-12
52,Neutral,1591833600,,2020-06-11
54,Neutral,1591747200,,2020-06-10
52,Neutral,1591660800,,2020-06-09
53,Neutral,1591574400,,2020-06-08
54,Neutral,1591488000,,2020-06-07
54,Neutral,1591401600,,2020-06-06
53,Neutral,1591315200,,2020-06-05
54,Neutral,1591228800,,2020-06-04
48,Neutral,1591142400,,2020-06-03
56,Greed,1591056000,,2020-06-02
50,Neutral,1590969600,,2020-06-01
51,Neutral,1590883200,,2020-05-31
48,Neutral,1590796800,,2020-05-30
48,Neutral,1590710400,,2020-05-29
41,Fear,1590624000,,2020-05-28
39,Fear,1590537600,,2020-05-27
39,Fear,1590451200,,2020-05-26
41,Fear,1590364800,,2020-05-25
43,Fear,1590278400,,2020-05-24
40,Fear,1590192000,,2020-05-23
42,Fear,1590105600,,2020-05-22
49,Neutral,1590019200,,2020-05-21
52,Neutral,1589932800,,2020-05-20
50,Neutral,1589846400,,2020-05-19
50,Neutral,1589760000,,2020-05-18
40,Fear,1589673600,,2020-05-17
41,Fear,1589587200,,2020-05-16
44,Fear,1589500800,,2020-05-15
40,Fear,1589414400,,2020-05-14
41,Fear,1589328000,,2020-05-13
39,Fear,1589241600,,2020-05-12
40,Fear,1589155200,,2020-05-11
48,Neutral,1589068800,,2020-05-10
56,Greed,1588982400,,2020-05-09
55,Greed,1588896000,,2020-05-08
49,Neutral,1588809600,,2020-05-07
42,Fear,1588723200,,2020-05-06
40,Fear,1588636800,,2020-05-05
44,Fear,1588550400,,2020-05-04
45,Fear,1588464000,,2020-05-03
40,Fear,1588377600,,2020-05-02
40,Fear,1588291200,,2020-05-01
44,Fear,1588204800,,2020-04-30
26,Fear,1588118400,,2020-04-29
26,Fear,1588032000,,2020-04-28
28,Fear,1587945600,,2020-04-27
21,Extreme Fear,1587859200,,2020-04-26
24,Extreme Fear,1587772800,,2020-04-25
20,Extreme Fear,1587686400,,2020-04-24
19,Extreme Fear,1587600000,,2020-04-23
19,Extreme Fear,1587513600,,2020-04-22
17,Extreme Fear,1587427200,,2020-04-21
15,Extreme Fear,1587340800,,2020-04-20
16,Extreme Fear,1587254400,,2020-04-19
18,Extreme Fear,1587168000,,2020-04-18
15,Extreme Fear,1587081600,,2020-04-17
13,Extreme Fear,1586995200,,2020-04-16
18,Extreme Fear,1586908800,,2020-04-15
15,Extreme Fear,1586822400,,2020-04-14
11,Extreme Fear,1586736000,,2020-04-13
10,Extreme Fear,1586649600,,2020-04-12
15,Extreme Fear,1586563200,,2020-04-11
15,Extreme Fear,1586476800,,2020-04-10
22,Extreme Fear,1586390400,,2020-04-09
21,Extreme Fear,1586304000,,2020-04-08
20,Extreme Fear,1586217600,,2020-04-07
12,Extreme Fear,1586131200,,2020-04-06
12,Extreme Fear,1586044800,,2020-04-05
12,Extreme Fear,1585958400,,2020-04-04
14,Extreme Fear,1585872000,,2020-04-03
14,Extreme Fear,1585785600,,2020-04-02
12,Extreme Fear,1585699200,,2020-04-01
12,Extreme Fear,1585612800,,2020-03-31
10,Extreme Fear,1585526400,,2020-03-30
12,Extreme Fear,1585440000,,2020-03-29
8,Extreme Fear,1585353600,,2020-03-28
12,Extreme Fear,1585267200,,2020-03-27
14,Extreme Fear,1585180800,,2020-03-26
13,Extreme Fear,1585094400,,2020-03-25
12,Extreme Fear,1585008000,,2020-03-24
10,Extreme Fear,1584921600,,2020-03-23
11,Extreme Fear,1584835200,,2020-03-22
9,Extreme Fear,1584748800,,2020-03-21
9,Extreme Fear,1584662400,,2020-03-20
12,Extreme Fear,1584576000,,2020-03-19
11,Extreme Fear,1584489600,,2020-03-18
8,Extreme Fear,1584403200,,2020-03-17
9,Extreme Fear,1584316800,,2020-03-16
12,Extreme Fear,1584230400,,2020-03-15
8,Extreme Fear,1584144000,,2020-03-14
10,Extreme Fear,1584057600,,2020-03-13
14,Extreme Fear,1583971200,,2020-03-12
17,Extreme Fear,1583884800,,2020-03-11
16,Extreme Fear,1583798400,,2020-03-10
17,Extreme Fear,1583712000,,2020-03-09
33,Fear,1583625600,,2020-03-08
38,Fear,1583539200,,2020-03-07
39,Fear,1583452800,,2020-03-06
41,Fear,1583366400,,2020-03-05
40,Fear,1583280000,,2020-03-04
38,Fear,1583193600,,2020-03-03
38,Fear,1583107200,,2020-03-02
39,Fear,1583020800,,2020-03-01
38,Fear,1582934400,,2020-02-29
40,Fear,1582848000,,2020-02-28
39,Fear,1582761600,,2020-02-27
41,Fear,1582675200,,2020-02-26
44,Fear,1582588800,,2020-02-25
46,Fear,1582502400,,2020-02-24
46,Fear,1582416000,,2020-02-23
43,Fear,1582329600,,2020-02-22
44,Fear,1582243200,,2020-02-21
44,Fear,1582156800,,2020-02-20
50,Neutral,1582070400,,2020-02-19
53,Neutral,1581984000,,2020-02-18
49,Neutral,1581897600,,2020-02-17
59,Greed,1581811200,,2020-02-16
64,Greed,1581724800,,2020-02-15
63,Greed,1581638400,,2020-02-14
65,Greed,1581552000,,2020-02-13
61,Greed,1581465600,,2020-02-12
52,Neutral,1581379200,,2020-02-11
57,Greed,1581292800,,2020-02-10
56,Greed,1581206400,,2020-02-09
56,Greed,1581120000,,2020-02-08
56,Greed,1581033600,,2020-02-07
61,Greed,1580947200,,2020-02-06
53,Neutral,1580860800,,2020-02-05
56,Greed,1580774400,,2020-02-04
59,Greed,1580688000,,2020-02-03
57,Greed,1580601600,,2020-02-02
57,Greed,1580515200,,2020-02-01
55,Greed,1580428800,,2020-01-31
57,Greed,1580342400,,2020-01-30
57,Greed,1580256000,,2020-01-29
54,Neutral,1580169600,,2020-01-28
50,Neutral,1580083200,,2020-01-27
42,Fear,1579996800,,2020-01-26
41,Fear,1579910400,,2020-01-25
40,Fear,1579824000,,2020-01-24
49,Neutral,1579737600,,2020-01-23
52,Neutral,1579651200,,2020-01-22
49,Neutral,1579564800,,2020-01-21
48,Neutral,1579478400,,2020-01-20
53,Neutral,1579392000,,2020-01-19
51,Neutral,1579305600,,2020-01-18
54,Neutral,1579219200,,2020-01-17
55,Greed,1579132800,,2020-01-16
54,Neutral,1579046400,,2020-01-15
56,Greed,1578960000,,2020-01-14
49,Neutral,1578873600,,2020-01-13
45,Fear,1578787200,,2020-01-12
50,Neutral,1578700800,,2020-01-11
41,Fear,1578614400,,2020-01-10
44,Fear,1578528000,,2020-01-09
51,Neutral,1578441600,,2020-01-08
40,Fear,1578355200,,2020-01-07
41,Fear,1578268800,,2020-01-06
39,Fear,1578182400,,2020-01-05
38,Fear,1578096000,,2020-01-04
38,Fear,1578009600,,2020-01-03
39,Fear,1577923200,,2020-01-02
37,Fear,1577836800,,2020-01-01
38,Fear,1577750400,,2019-12-31
40,Fear,1577664000,,2019-12-30
37,Fear,1577577600,,2019-12-29
37,Fear,1577491200,,2019-12-28
38,Fear,1577404800,,2019-12-27
39,Fear,1577318400,,2019-12-26
22,Extreme Fear,1577232000,,2019-12-25
25,Extreme Fear,1577145600,,2019-12-24
33,Fear,1577059200,,2019-12-23
20,Extreme Fear,1576972800,,2019-12-22
23,Extreme Fear,1576886400,,2019-12-21
23,Extreme Fear,1576800000,,2019-12-20
21,Extreme Fear,1576713600,,2019-12-19
15,Extreme Fear,1576627200,,2019-12-18
23,Extreme Fear,1576540800,,2019-12-17
24,Extreme Fear,1576454400,,2019-12-16
21,Extreme Fear,1576368000,,2019-12-15
27,Fear,1576281600,,2019-12-14
22,Extreme Fear,1576195200,,2019-12-13
23,Extreme Fear,1576108800,,2019-12-12
20,Extreme Fear,1576022400,,2019-12-11
26,Fear,1575936000,,2019-12-10
32,Fear,1575849600,,2019-12-09
28,Fear,1575763200,,2019-12-08
32,Fear,1575676800,,2019-12-07
29,Fear,1575590400,,2019-12-06
21,Extreme Fear,1575504000,,2019-12-05
24,Extreme Fear,1575417600,,2019-12-04
28,Fear,1575331200,,2019-12-03
28,Fear,1575244800,,2019-12-02
25,Extreme Fear,1575158400,,2019-12-01
38,Fear,1575072000,,2019-11-30
31,Fear,1574985600,,2019-11-29
32,Fear,1574899200,,2019-11-28
20,Extreme Fear,1574812800,,2019-11-27
21,Extreme Fear,1574726400,,2019-11-26
17,Extreme Fear,1574640000,,2019-11-25
21,Extreme Fear,1574553600,,2019-11-24
23,Extreme Fear,1574467200,,2019-11-23
20,Extreme Fear,1574380800,,2019-11-22
30,Fear,1574294400,,2019-11-21
32,Fear,1574208000,,2019-11-20
32,Fear,1574121600,,2019-11-19
38,Fear,1574035200,,2019-11-18
38,Fear,1573948800,,2019-11-17
41,Fear,1573862400,,2019-11-16
38,Fear,1573776000,,2019-11-15
41,Fear,1573689600,,2019-11-14
38,Fear,1573603200,,2019-11-13
39,Fear,1573516800,,2019-11-12
40,Fear,1573430400,,2019-11-11
39,Fear,1573344000,,2019-11-10
38,Fear,1573257600,,2019-11-09
42,Fear,1573171200,,2019-11-08
54,Neutral,1573084800,,2019-11-07
53,Neutral,1572998400,,2019-11-06
54,Neutral,1572912000,,2019-11-05
49,Neutral,1572825600,,2019-11-04
56,Greed,1572739200,,2019-11-03
51,Neutral,1572652800,,2019-11-02
49,Neutral,1572566400,,2019-11-01
50,Neutral,1572480000,,2019-10-31
53,Neutral,1572393600,,2019-10-30
54,Neutral,1572307200,,2019-10-29
52,Neutral,1572220800,,2019-10-28
50,Neutral,1572134400,,2019-10-27
53,Neutral,1572048000,,2019-10-26
24,Extreme Fear,1571961600,,2019-10-25
20,Extreme Fear,1571875200,,2019-10-24
33,Fear,1571788800,,2019-10-23
39,Fear,1571702400,,2019-10-22
37,Fear,1571616000,,2019-10-21
37,Fear,1571529600,,2019-10-20
41,Fear,1571443200,,2019-10-19
40,Fear,1571356800,,2019-10-18
40,Fear,1571270400,,2019-10-17
40,Fear,1571184000,,2019-10-16
39,Fear,1571097600,,2019-10-15
37,Fear,1571011200,,2019-10-14
38,Fear,1570924800,,2019-10-13
38,Fear,1570838400,,2019-10-12
39,Fear,1570752000,,2019-10-11
41,Fear,1570665600,,2019-10-10
37,Fear,1570579200,,2019-10-09
39,Fear,1570492800,,2019-10-08
27,Fear,1570406400,,2019-10-07
32,Fear,1570320000,,2019-10-06
31,Fear,1570233600,,2019-10-05
30,Fear,1570147200,,2019-10-04
37,Fear,1570060800,,2019-10-03
39,Fear,1569974400,,2019-10-02
38,Fear,1569888000,,2019-10-01
27,Fear,1569801600,,2019-09-30
33,Fear,1569715200,,2019-09-29
32,Fear,1569628800,,2019-09-28
24,Extreme Fear,1569542400,,2019-09-27
12,Extreme Fear,1569456000,,2019-09-26
15,Extreme Fear,1569369600,,2019-09-25
39,Fear,1569283200,,2019-09-24
41,Fear,1569196800,,2019-09-23
37,Fear,1569110400,,2019-09-22
37,Fear,1569024000,,2019-09-21
41,Fear,1568937600,,2019-09-20
31,Fear,1568851200,,2019-09-19
38,Fear,1568764800,,2019-09-18
41,Fear,1568678400,,2019-09-17
38,Fear,1568592000,,2019-09-16
38,Fear,1568505600,,2019-09-15
39,Fear,1568419200,,2019-09-14
38,Fear,1568332800,,2019-09-13
39,Fear,1568246400,,2019-09-12
38,Fear,1568160000,,2019-09-11
41,Fear,1568073600,,2019-09-10
41,Fear,1567987200,,2019-09-09
43,Fear,1567900800,,2019-09-08
39,Fear,1567814400,,2019-09-07
43,Fear,1567728000,,2019-09-06
41,Fear,1567641600,,2019-09-05
43,Fear,1567555200,,2019-09-04
41,Fear,1567468800,,2019-09-03
28,Fear,1567382400,,2019-09-02
24,Extreme Fear,1567296000,,2019-09-01
20,Extreme Fear,1567209600,,2019-08-31
24,Extreme Fear,1567123200,,2019-08-30
20,Extreme Fear,1567036800,,2019-08-29
32,Fear,1566950400,,2019-08-28
30,Fear,1566864000,,2019-08-27
41,Fear,1566777600,,2019-08-26
33,Fear,1566691200,,2019-08-25
39,Fear,1566604800,,2019-08-24
33,Fear,1566518400,,2019-08-23
5,Extreme Fear,1566432000,,2019-08-22
11,Extreme Fear,1566345600,,2019-08-21
39,Fear,1566259200,,2019-08-20
30,Fear,1566172800,,2019-08-19
14,Extreme Fear,1566086400,,2019-08-18
20,Extreme Fear,1566000000,,2019-08-17
31,Fear,1565913600,,2019-08-16
13,Extreme Fear,1565827200,,2019-08-15
11,Extreme Fear,1565740800,,2019-08-14
45,Fear,1565654400,,2019-08-13
48,Neutral,1565568000,,2019-08-12
45,Fear,1565481600,,2019-08-11
59,Greed,1565395200,,2019-08-10
60,Greed,1565308800,,2019-08-09
61,Greed,1565222400,,2019-08-08
45,Fear,1565136000,,2019-08-07
66,Greed,1565049600,,2019-08-06
64,Greed,1564963200,,2019-08-05
62,Greed,1564876800,,2019-08-04
61,Greed,1564790400,,2019-08-03
61,Greed,1564704000,,2019-08-02
57,Greed,1564617600,,2019-08-01
31,Fear,1564531200,,2019-07-31
22,Extreme Fear,1564444800,,2019-07-30
19,Extreme Fear,1564358400,,2019-07-29
16,Extreme Fear,1564272000,,2019-07-28
47,Neutral,1564185600,,2019-07-27
24,Extreme Fear,1564099200,,2019-07-26
42,Fear,1564012800,,2019-07-25
20,Extreme Fear,1563926400,,2019-07-24
40,Fear,1563840000,,2019-07-23
42,Fear,1563753600,,2019-07-22
42,Fear,1563667200,,2019-07-21
34,Fear,1563580800,,2019-07-20
42,Fear,1563494400,,2019-07-19
40,Fear,1563408000,,2019-07-18
19,Extreme Fear,1563321600,,2019-07-17
34,Fear,1563235200,,2019-07-16
16,Extreme Fear,1563148800,,2019-07-15
61,Greed,1563062400,,2019-07-14
65,Greed,1562976000,,2019-07-13
33,Fear,1562889600,,2019-07-12
62,Greed,1562803200,,2019-07-11
83,Extreme Greed,1562716800,,2019-07-10
84,Extreme Greed,1562630400,,2019-07-09
74,Greed,1562544000,,2019-07-08
67,Greed,1562457600,,2019-07-07
72,Greed,1562371200,,2019-07-06
67,Greed,1562284800,,2019-07-05
76,Extreme Greed,1562198400,,2019-07-04
79,Extreme Greed,1562112000,,2019-07-03
63,Greed,1562025600,,2019-07-02
65,Greed,1561939200,,2019-07-01
78,Extreme Greed,1561852800,,2019-06-30
74,Greed,1561766400,,2019-06-29
62,Greed,1561680000,,2019-06-28
92,Extreme Greed,1561593600,,2019-06-27
95,Extreme Greed,1561507200,,2019-06-26
87,Extreme Greed,1561420800,,2019-06-25
80,Extreme Greed,1561334400,,2019-06-24
84,Extreme Greed,1561248000,,2019-06-23
83,Extreme Greed,1561161600,,2019-06-22
84,Extreme Greed,1561075200,,2019-06-21
81,Extreme Greed,1560988800,,2019-06-20
82,Extreme Greed,1560902400,,2019-06-19
83,Extreme Greed,1560816000,,2019-06-18
84,Extreme Greed,1560729600,,2019-06-17
80,Extreme Greed,1560643200,,2019-06-16
75,Greed,1560556800,,2019-06-15
67,Greed,1560470400,,2019-06-14
63,Greed,1560384000,,2019-06-13
60,Greed,1560297600,,2019-06-12
61,Greed,1560211200,,2019-06-11
46,Fear,1560124800,,2019-06-10
62,Greed,1560038400,,2019-06-09
62,Greed,1559952000,,2019-06-08
27,Fear,1559865600,,2019-06-07
34,Fear,1559779200,,2019-06-06
27,Fear,1559692800,,2019-06-05
42,Fear,1559606400,,2019-06-04
66,Greed,1559520000,,2019-06-03
63,Greed,1559433600,,2019-06-02
62,Greed,1559347200,,2019-06-01
61,Greed,1559260800,,2019-05-31
73,Greed,1559174400,,2019-05-30
71,Greed,1559088000,,2019-05-29
71,Greed,1559001600,,2019-05-28
70,Greed,1558915200,,2019-05-27
67,Greed,1558828800,,2019-05-26
69,Greed,1558742400,,2019-05-25
64,Greed,1558656000,,2019-05-24
65,Greed,1558569600,,2019-05-23
69,Greed,1558483200,,2019-05-22
68,Greed,1558396800,,2019-05-21
73,Greed,1558310400,,2019-05-20
70,Greed,1558224000,,2019-05-19
67,Greed,1558137600,,2019-05-18
65,Greed,1558051200,,2019-05-17
75,Greed,1557964800,,2019-05-16
77,Extreme Greed,1557878400,,2019-05-15
78,Extreme Greed,1557792000,,2019-05-14
78,Extreme Greed,1557705600,,2019-05-13
75,Greed,1557619200,,2019-05-12
76,Extreme Greed,1557532800,,2019-05-11
71,Greed,1557446400,,2019-05-10
69,Greed,1557360000,,2019-05-09
63,Greed,1557273600,,2019-05-08
69,Greed,1557187200,,2019-05-07
57,Greed,1557100800,,2019-05-06
67,Greed,1557014400,,2019-05-05
66,Greed,1556928000,,2019-05-04
63,Greed,1556841600,,2019-05-03
50,Neutral,1556755200,,2019-05-02
51,Neutral,1556668800,,2019-05-01
42,Fear,1556582400,,2019-04-30
42,Fear,1556496000,,2019-04-29
40,Fear,1556409600,,2019-04-28
42,Fear,1556323200,,2019-04-27
41,Fear,1556236800,,2019-04-26
58,Greed,1556150400,,2019-04-25
65,Greed,1556064000,,2019-04-24
68,Greed,1555977600,,2019-04-23
61,Greed,1555891200,,2019-04-22
62,Greed,1555804800,,2019-04-21
62,Greed,1555718400,,2019-04-20
61,Greed,1555632000,,2019-04-19
64,Greed,1555545600,,2019-04-18
61,Greed,1555459200,,2019-04-17
50,Neutral,1555372800,,2019-04-16
60,Greed,1555286400,,2019-04-15
51,Neutral,1555200000,,2019-04-14
62,Greed,1555113600,,2019-04-13
42,Fear,1555027200,,2019-04-12
65,Greed,1554940800,,2019-04-11
62,Greed,1554854400,,2019-04-10
64,Greed,1554768000,,2019-04-09
65,Greed,1554681600,,2019-04-08
69,Greed,1554595200,,2019-04-07
65,Greed,1554508800,,2019-04-06
59,Greed,1554422400,,2019-04-05
61,Greed,1554336000,,2019-04-04
71,Greed,1554249600,,2019-04-03
60,Greed,1554163200,,2019-04-02
62,Greed,1554076800,,2019-04-01
56,Greed,1553990400,,2019-03-31
57,Greed,1553904000,,2019-03-30
50,Neutral,1553817600,,2019-03-29
49,Neutral,1553731200,,2019-03-28
44,Fear,1553644800,,2019-03-27
43,Fear,1553558400,,2019-03-26
46,Fear,1553472000,,2019-03-25
44,Fear,1553385600,,2019-03-24
50,Neutral,1553299200,,2019-03-23
56,Greed,1553212800,,2019-03-22
62,Greed,1553126400,,2019-03-21
55,Greed,1553040000,,2019-03-20
56,Greed,1552953600,,2019-03-19
56,Greed,1552867200,,2019-03-18
58,Greed,1552780800,,2019-03-17
54,Neutral,1552694400,,2019-03-16
55,Greed,1552608000,,2019-03-15
55,Greed,1552521600,,2019-03-14
54,Neutral,1552435200,,2019-03-13
56,Greed,1552348800,,2019-03-12
56,Greed,1552262400,,2019-03-11
55,Greed,1552176000,,2019-03-10
55,Greed,1552089600,,2019-03-09
54,Neutral,1552003200,,2019-03-08
56,Greed,1551916800,,2019-03-07
42,Fear,1551830400,,2019-03-06
35,Fear,1551744000,,2019-03-05
36,Fear,1551657600,,2019-03-04
44,Fear,1551571200,,2019-03-03
41,Fear,1551484800,,2019-03-02
42,Fear,1551398400,,2019-03-01
39,Fear,1551312000,,2019-02-28
39,Fear,1551225600,,2019-02-27
40,Fear,1551139200,,2019-02-26
47,Neutral,1551052800,,2019-02-25
69,Greed,1550966400,,2019-02-24
63,Greed,1550880000,,2019-02-23
61,Greed,1550793600,,2019-02-22
59,Greed,1550707200,,2019-02-21
59,Greed,1550620800,,2019-02-20
65,Greed,1550534400,,2019-02-19
63,Greed,1550448000,,2019-02-18
38,Fear,1550361600,,2019-02-17
43,Fear,1550275200,,2019-02-16
43,Fear,1550188800,,2019-02-15
48,Neutral,1550102400,,2019-02-14
48,Neutral,1550016000,,2019-02-13
38,Fear,1549929600,,2019-02-12
46,Fear,1549843200,,2019-02-11
40,Fear,1549756800,,2019-02-10
42,Fear,1549670400,,2019-02-09
37,Fear,1549584000,,2019-02-08
18,Extreme Fear,1549497600,,2019-02-07
14,Extreme Fear,1549411200,,2019-02-06
21,Extreme Fear,1549324800,,2019-02-05
27,Fear,1549238400,,2019-02-04
19,Extreme Fear,1549152000,,2019-02-03
22,Extreme Fear,1549065600,,2019-02-02
23,Extreme Fear,1548979200,,2019-02-01
17,Extreme Fear,1548892800,,2019-01-31
22,Extreme Fear,1548806400,,2019-01-30
21,Extreme Fear,1548720000,,2019-01-29
35,Fear,1548633600,,2019-01-28
39,Fear,1548547200,,2019-01-27
41,Fear,1548460800,,2019-01-26
35,Fear,1548374400,,2019-01-25
37,Fear,1548288000,,2019-01-24
33,Fear,1548201600,,2019-01-23
27,Fear,1548115200,,2019-01-22
30,Fear,1548028800,,2019-01-21
35,Fear,1547942400,,2019-01-20
31,Fear,1547856000,,2019-01-19
29,Fear,1547769600,,2019-01-18
28,Fear,1547683200,,2019-01-17
24,Extreme Fear,1547596800,,2019-01-16
27,Fear,1547510400,,2019-01-15
16,Extreme Fear,1547424000,,2019-01-14
21,Extreme Fear,1547337600,,2019-01-13
22,Extreme Fear,1547251200,,2019-01-12
19,Extreme Fear,1547164800,,2019-01-11
37,Fear,1547078400,,2019-01-10
42,Fear,1546992000,,2019-01-09
39,Fear,1546905600,,2019-01-08
39,Fear,1546819200,,2019-01-07
31,Fear,1546732800,,2019-01-06
36,Fear,1546646400,,2019-01-05
48,Neutral,1546560000,,2019-01-04
33,Fear,1546473600,,2019-01-03
30,Fear,1546387200,,2019-01-02
24,Extreme Fear,1546300800,,2019-01-01
26,Fear,1546214400,,2018-12-31
23,Extreme Fear,1546128000,,2018-12-30
24,Extreme Fear,1546041600,,2018-12-29
21,Extreme Fear,1545955200,,2018-12-28
29,Fear,1545868800,,2018-12-27
26,Fear,1545782400,,2018-12-26
33,Fear,1545696000,,2018-12-25
25,Extreme Fear,1545609600,,2018-12-24
31,Fear,1545523200,,2018-12-23
28,Fear,1545436800,,2018-12-22
35,Fear,1545350400,,2018-12-21
27,Fear,1545264000,,2018-12-20
21,Extreme Fear,1545177600,,2018-12-19
23,Extreme Fear,1545091200,,2018-12-18
17,Extreme Fear,1545004800,,2018-12-17
13,Extreme Fear,1544918400,,2018-12-16
11,Extreme Fear,1544832000,,2018-12-15
10,Extreme Fear,1544745600,,2018-12-14
14,Extreme Fear,1544659200,,2018-12-13
14,Extreme Fear,1544572800,,2018-12-12
15,Extreme Fear,1544486400,,2018-12-11
19,Extreme Fear,1544400000,,2018-12-10
14,Extreme Fear,1544313600,,2018-12-09
11,Extreme Fear,1544227200,,2018-12-08
11,Extreme Fear,1544140800,,2018-12-07
13,Extreme Fear,1544054400,,2018-12-06
19,Extreme Fear,1543968000,,2018-12-05
12,Extreme Fear,1543881600,,2018-12-04
17,Extreme Fear,1543795200,,2018-12-03
15,Extreme Fear,1543708800,,2018-12-02
13,Extreme Fear,1543622400,,2018-12-01
19,Extreme Fear,1543536000,,2018-11-30
18,Extreme Fear,1543449600,,2018-11-29
14,Extreme Fear,1543363200,,2018-11-28
11,Extreme Fear,1543276800,,2018-11-27
17,Extreme Fear,1543190400,,2018-11-26
9,Extreme Fear,1543104000,,2018-11-25
15,Extreme Fear,1543017600,,2018-11-24
12,Extreme Fear,1542931200,,2018-11-23
14,Extreme Fear,1542844800,,2018-11-22
15,Extreme Fear,1542758400,,2018-11-21
21,Extreme Fear,1542672000,,2018-11-20
28,Fear,1542585600,,2018-11-19
26,Fear,1542499200,,2018-11-18
24,Extreme Fear,1542412800,,2018-11-17
23,Extreme Fear,1542326400,,2018-11-16
28,Fear,1542240000,,2018-11-15
49,Neutral,1542153600,,2018-11-14
56,Greed,1542067200,,2018-11-13
52,Neutral,1541980800,,2018-11-12
54,Neutral,1541894400,,2018-11-11
52,Neutral,1541808000,,2018-11-10
47,Neutral,1541721600,,2018-11-09
51,Neutral,1541635200,,2018-11-08
48,Neutral,1541548800,,2018-11-07
42,Fear,1541462400,,2018-11-06
42,Fear,1541376000,,2018-11-05
41,Fear,1541289600,,2018-11-04
36,Fear,1541203200,,2018-11-03
36,Fear,1541116800,,2018-11-02
29,Fear,1541030400,,2018-11-01
32,Fear,1540944000,,2018-10-31
31,Fear,1540857600,,2018-10-30
34,Fear,1540771200,,2018-10-29
35,Fear,1540684800,,2018-10-28
33,Fear,1540598400,,2018-10-27
29,Fear,1540512000,,2018-10-26
25,Extreme Fear,1540425600,,2018-10-25
23,Extreme Fear,1540339200,,2018-10-24
24,Extreme Fear,1540252800,,2018-10-23
27,Fear,1540166400,,2018-10-22
21,Extreme Fear,1540080000,,2018-10-21
21,Extreme Fear,1539993600,,2018-10-20
24,Extreme Fear,1539907200,,2018-10-19
26,Fear,1539820800,,2018-10-18
23,Extreme Fear,1539734400,,2018-10-17
24,Extreme Fear,1539648000,,2018-10-16
20,Extreme Fear,1539561600,,2018-10-15
18,Extreme Fear,1539475200,,2018-10-14
15,Extreme Fear,1539388800,,2018-10-13
13,Extreme Fear,1539302400,,2018-10-12
19,Extreme Fear,1539216000,,2018-10-11
28,Fear,1539129600,,2018-10-10
31,Fear,1539043200,,2018-10-09
26,Fear,1538956800,,2018-10-08
29,Fear,1538870400,,2018-10-07
34,Fear,1538784000,,2018-10-06
37,Fear,1538697600,,2018-10-05
29,Fear,1538611200,,2018-10-04
36,Fear,1538524800,,2018-10-03
33,Fear,1538438400,,2018-10-02
35,Fear,1538352000,,2018-10-01
34,Fear,1538265600,,2018-09-30
37,Fear,1538179200,,2018-09-29
42,Fear,1538092800,,2018-09-28
42,Fear,1538006400,,2018-09-27
37,Fear,1537920000,,2018-09-26
37,Fear,1537833600,,2018-09-25
43,Fear,1537747200,,2018-09-24
38,Fear,1537660800,,2018-09-23
35,Fear,1537574400,,2018-09-22
31,Fear,1537488000,,2018-09-21
24,Extreme Fear,1537401600,,2018-09-20
24,Extreme Fear,1537315200,,2018-09-19
21,Extreme Fear,1537228800,,2018-09-18
25,Extreme Fear,1537142400,,2018-09-17
28,Fear,1537056000,,2018-09-16
24,Extreme Fear,1536969600,,2018-09-15
23,Extreme Fear,1536883200,,2018-09-14
20,Extreme Fear,1536796800,,2018-09-13
14,Extreme Fear,1536710400,,2018-09-12
18,Extreme Fear,1536624000,,2018-09-11
15,Extreme Fear,1536537600,,2018-09-10
13,Extreme Fear,1536451200,,2018-09-09
18,Extreme Fear,1536364800,,2018-09-08
17,Extreme Fear,1536278400,,2018-09-07
14,Extreme Fear,1536192000,,2018-09-06
17,Extreme Fear,1536105600,,2018-09-05
26,Fear,1536019200,,2018-09-04
19,Extreme Fear,1535932800,,2018-09-03
18,Extreme Fear,1535846400,,2018-09-02
21,Extreme Fear,1535760000,,2018-09-01
17,Extreme Fear,1535673600,,2018-08-31
22,Extreme Fear,1535587200,,2018-08-30
19,Extreme Fear,1535500800,,2018-08-29
19,Extreme Fear,1535414400,,2018-08-28
18,Extreme Fear,1535328000,,2018-08-27
19,Extreme Fear,1535241600,,2018-08-26
22,Extreme Fear,1535155200,,2018-08-25
19,Extreme Fear,1535068800,,2018-08-24
18,Extreme Fear,1534982400,,2018-08-23
21,Extreme Fear,1534896000,,2018-08-22
19,Extreme Fear,1534809600,,2018-08-21
26,Fear,1534723200,,2018-08-20
27,Fear,1534636800,,2018-08-19
24,Extreme Fear,1534550400,,2018-08-18
19,Extreme Fear,1534464000,,2018-08-17
21,Extreme Fear,1534377600,,2018-08-16
18,Extreme Fear,1534291200,,2018-08-15
16,Extreme Fear,1534204800,,2018-08-14
21,Extreme Fear,1534118400,,2018-08-13
18,Extreme Fear,1534032000,,2018-08-12
18,Extreme Fear,1533945600,,2018-08-11
21,Extreme Fear,1533859200,,2018-08-10
19,Extreme Fear,1533772800,,2018-08-09
23,Extreme Fear,1533686400,,2018-08-08
25,Extreme Fear,1533600000,,2018-08-07
25,Extreme Fear,1533513600,,2018-08-06
23,Extreme Fear,1533427200,,2018-08-05
31,Fear,1533340800,,2018-08-04
36,Fear,1533254400,,2018-08-03
39,Fear,1533168000,,2018-08-02
39,Fear,1533081600,,2018-08-01
48,Neutral,1532995200,,2018-07-31
53,Neutral,1532908800,,2018-07-30
54,Neutral,1532822400,,2018-07-29
54,Neutral,1532736000,,2018-07-28
47,Neutral,1532649600,,2018-07-27
53,Neutral,1532563200,,2018-07-26
54,Neutral,1532476800,,2018-07-25
49,Neutral,1532390400,,2018-07-24
44,Fear,1532304000,,2018-07-23
46,Fear,1532217600,,2018-07-22
43,Fear,1532131200,,2018-07-21
47,Neutral,1532044800,,2018-07-20
44,Fear,1531958400,,2018-07-19
42,Fear,1531872000,,2018-07-18
39,Fear,1531785600,,2018-07-17
36,Fear,1531699200,,2018-07-16
32,Fear,1531612800,,2018-07-15
29,Fear,1531526400,,2018-07-14
29,Fear,1531440000,,2018-07-13
33,Fear,1531353600,,2018-07-12
29,Fear,1531267200,,2018-07-11
37,Fear,1531180800,,2018-07-10
39,Fear,1531094400,,2018-07-09
38,Fear,1531008000,,2018-07-08
34,Fear,1530921600,,2018-07-07
34,Fear,1530835200,,2018-07-06
37,Fear,1530748800,,2018-07-05
33,Fear,1530662400,,2018-07-04
31,Fear,1530576000,,2018-07-03
27,Fear,1530489600,,2018-07-02
27,Fear,1530403200,,2018-07-01
22,Extreme Fear,1530316800,,2018-06-30
16,Extreme Fear,1530230400,,2018-06-29
20,Extreme Fear,1530144000,,2018-06-28
18,Extreme Fear,1530057600,,2018-06-27
21,Extreme Fear,1529971200,,2018-06-26
16,Extreme Fear,1529884800,,2018-06-25
15,Extreme Fear,1529798400,,2018-06-24
17,Extreme Fear,1529712000,,2018-06-23
28,Fear,1529625600,,2018-06-22
37,Fear,1529539200,,2018-06-21
34,Fear,1529452800,,2018-06-20
32,Fear,1529366400,,2018-06-19
27,Fear,1529280000,,2018-06-18
23,Extreme Fear,1529193600,,2018-06-17
22,Extreme Fear,1529107200,,2018-06-16
26,Fear,1529020800,,2018-06-15
17,Extreme Fear,1528934400,,2018-06-14
19,Extreme Fear,1528848000,,2018-06-13
19,Extreme Fear,1528761600,,2018-06-12
15,Extreme Fear,1528675200,,2018-06-11
24,Extreme Fear,1528588800,,2018-06-10
39,Fear,1528502400,,2018-06-09
40,Fear,1528416000,,2018-06-08
38,Fear,1528329600,,2018-06-07
42,Fear,1528243200,,2018-06-06
26,Fear,1528156800,,2018-06-05
41,Fear,1528070400,,2018-06-04
40,Fear,1527984000,,2018-06-03
27,Fear,1527897600,,2018-06-02
24,Extreme Fear,1527811200,,2018-06-01
25,Extreme Fear,1527724800,,2018-05-31
38,Fear,1527638400,,2018-05-30
16,Extreme Fear,1527552000,,2018-05-29
22,Extreme Fear,1527465600,,2018-05-28
19,Extreme Fear,1527379200,,2018-05-27
23,Extreme Fear,1527292800,,2018-05-26
25,Extreme Fear,1527206400,,2018-05-25
27,Fear,1527120000,,2018-05-24
26,Fear,1527033600,,2018-05-23
30,Fear,1526947200,,2018-05-22
41,Fear,1526860800,,2018-05-21
32,Fear,1526774400,,2018-05-20
31,Fear,1526688000,,2018-05-19
37,Fear,1526601600,,2018-05-18
31,Fear,1526515200,,2018-05-17
32,Fear,1526428800,,2018-05-16
40,Fear,1526342400,,2018-05-15
40,Fear,1526256000,,2018-05-14
40,Fear,1526169600,,2018-05-13
44,Fear,1526083200,,2018-05-12
41,Fear,1525996800,,2018-05-11
63,Greed,1525910400,,2018-05-10
53,Neutral,1525824000,,2018-05-09
62,Greed,1525737600,,2018-05-08
56,Greed,1525651200,,2018-05-07
67,Greed,1525564800,,2018-05-06
63,Greed,1525478400,,2018-05-05
56,Greed,1525392000,,2018-05-04
55,Greed,1525305600,,2018-05-03
52,Neutral,1525219200,,2018-05-02
56,Greed,1525132800,,2018-05-01
59,Greed,1525046400,,2018-04-30
61,Greed,1524960000,,2018-04-29
54,Neutral,1524873600,,2018-04-28
55,Greed,1524787200,,2018-04-27
47,Neutral,1524700800,,2018-04-26
64,Greed,1524614400,,2018-04-25
29,Fear,1524528000,,2018-04-24
28,Fear,1524441600,,2018-04-23
31,Fear,1524355200,,2018-04-22
32,Fear,1524268800,,2018-04-21
26,Fear,1524182400,,2018-04-20
25,Extreme Fear,1524096000,,2018-04-19
24,Extreme Fear,1524009600,,2018-04-18
26,Fear,1523923200,,2018-04-17
23,Extreme Fear,1523577600,,2018-04-13
18,Extreme Fear,1523491200,,2018-04-12
20,Extreme Fear,1523404800,,2018-04-11
18,Extreme Fear,1523318400,,2018-04-10
21,Extreme Fear,1523232000,,2018-04-09
17,Extreme Fear,1523145600,,2018-04-08
20,Extreme Fear,1523059200,,2018-04-07
19,Extreme Fear,1522972800,,2018-04-06
17,Extreme Fear,1522886400,,2018-04-05
22,Extreme Fear,1522800000,,2018-04-04
22,Extreme Fear,1522713600,,2018-04-03
11,Extreme Fear,1522627200,,2018-04-02
16,Extreme Fear,1522540800,,2018-04-01
16,Extreme Fear,1522454400,,2018-03-31
12,Extreme Fear,1522368000,,2018-03-30
18,Extreme Fear,1522281600,,2018-03-29
24,Extreme Fear,1522195200,,2018-03-28
24,Extreme Fear,1522108800,,2018-03-27
31,Fear,1522022400,,2018-03-26
30,Fear,1521936000,,2018-03-25
32,Fear,1521849600,,2018-03-24
28,Fear,1521763200,,2018-03-23
36,Fear,1521676800,,2018-03-22
36,Fear,1521590400,,2018-03-21
37,Fear,1521504000,,2018-03-20
29,Fear,1521417600,,2018-03-19
29,Fear,1521331200,,2018-03-18
31,Fear,1521244800,,2018-03-17
33,Fear,1521158400,,2018-03-16
32,Fear,1521072000,,2018-03-15
40,Fear,1520985600,,2018-03-14
41,Fear,1520899200,,2018-03-13
41,Fear,1520812800,,2018-03-12
40,Fear,1520726400,,2018-03-11
39,Fear,1520640000,,2018-03-10
37,Fear,1520553600,,2018-03-09
39,Fear,1520467200,,2018-03-08
37,Fear,1520380800,,2018-03-07
59,Greed,1520294400,,2018-03-06
55,Greed,1520208000,,2018-03-05
44,Fear,1520121600,,2018-03-04
56,Greed,1520035200,,2018-03-03
47,Neutral,1519948800,,2018-03-02
38,Fear,1519862400,,2018-03-01
41,Fear,1519776000,,2018-02-28
44,Fear,1519689600,,2018-02-27
37,Fear,1519603200,,2018-02-26
33,Fear,1519516800,,2018-02-25
31,Fear,1519430400,,2018-02-24
39,Fear,1519344000,,2018-02-23
44,Fear,1519257600,,2018-02-22
54,Neutral,1519171200,,2018-02-21
74,Greed,1519084800,,2018-02-20
67,Greed,1518998400,,2018-02-19
63,Greed,1518912000,,2018-02-18
74,Greed,1518825600,,2018-02-17
67,Greed,1518739200,,2018-02-16
71,Greed,1518652800,,2018-02-15
55,Greed,1518566400,,2018-02-14
35,Fear,1518480000,,2018-02-13
42,Fear,1518393600,,2018-02-12
31,Fear,1518307200,,2018-02-11
54,Neutral,1518220800,,2018-02-10
44,Fear,1518134400,,2018-02-09
30,Fear,1518048000,,2018-02-08
36,Fear,1517961600,,2018-02-07
8,Extreme Fear,1517875200,,2018-02-06
11,Extreme Fear,1517788800,,2018-02-05
24,Extreme Fear,1517702400,,2018-02-04
40,Fear,1517616000,,2018-02-03
15,Extreme Fear,1517529600,,2018-02-02
30,Fear,1517443200,,2018-02-01
